# 3ds Max Wavefront OBJ Exporter v0.97b - (c)2007 guruware
# File Created: 22.10.2016 21:26:33

mtllib Naked.mtl

#
# object Naked
#

v  -58.9792 60.6565 2.7664
v  -59.7224 61.7387 6.2599
v  -59.2820 61.4246 3.1155
v  -59.2489 60.9650 7.3874
v  -59.4330 64.9529 3.3222
v  -58.5547 65.1617 3.3737
v  -58.9624 65.0328 6.4447
v  -59.7031 64.8511 6.3541
v  -66.2782 63.2377 5.5504
v  -65.0491 60.9268 5.6405
v  -64.6888 60.6048 2.9985
v  -66.0539 63.3789 2.9343
v  -59.6084 60.7383 2.3679
v  -58.7734 65.1275 2.4638
v  -59.9829 61.5436 2.0235
v  -58.5499 65.9736 2.8911
v  -58.5055 65.8518 7.6291
v  -54.4104 65.3767 3.1481
v  -58.4081 66.0901 3.0213
v  -54.7853 65.2697 6.3902
v  -52.5044 65.5778 5.4463
v  -50.4759 64.8667 1.1936
v  -53.6329 65.5843 -3.2253
v  -50.2166 64.7944 -1.7788
v  -53.7463 62.0815 -4.3568
v  -50.2951 61.1584 -3.2083
v  -46.2544 64.5223 -1.2025
v  -46.3195 61.9496 -0.9777
v  -46.4123 61.3352 3.8538
v  -44.0478 61.5817 -1.9417
v  -43.2759 61.0185 4.3323
v  -44.4672 65.2611 -2.2880
v  -44.6874 66.2773 1.1847
v  -47.1010 65.5021 1.4192
v  -46.3316 64.6243 4.5283
v  -43.7478 65.0985 4.9998
v  -54.3099 65.1363 6.6949
v  -51.9674 61.0158 6.8867
v  -54.3314 59.9459 7.0002
v  -54.0899 60.5380 7.3160
v  -54.0217 64.4392 7.1211
v  -54.2978 60.6363 3.1738
v  -55.2300 61.2200 6.7575
v  -50.5470 60.8756 3.4610
v  -57.9483 62.0874 -5.3552
v  -59.2379 62.2043 -1.2277
v  -58.4929 62.8650 -4.4788
v  -57.8282 65.1958 -4.1139
v  -57.4254 66.1083 -4.8630
v  -58.3008 65.1616 -0.8251
v  -64.5998 61.4894 -1.5144
v  -65.2627 61.1029 1.7071
v  -65.9812 63.7055 -1.5540
v  -66.5437 63.5441 1.6503
v  -59.6542 64.9480 2.3716
v  -59.0630 65.0086 -0.9018
v  -28.0801 65.1983 -5.8643
v  -20.5753 70.2807 -5.2148
v  -19.8602 66.9379 -5.9828
v  -29.0427 67.7355 -5.3069
v  -20.6499 71.6498 -2.1176
v  -29.2889 67.9156 -3.7689
v  -20.7246 70.2977 0.7836
v  -29.0296 66.5582 -2.2308
v  -31.1535 67.2759 -3.5182
v  -30.9393 66.2876 -1.9484
v  -34.3999 66.3954 0.0643
v  -34.8534 67.5324 -2.5628
v  -45.2567 64.2939 2.5427
v  -45.2567 64.9933 0.9723
v  -35.3069 66.8234 -5.1898
v  -45.2567 64.6441 -0.5980
v  -34.3094 63.6036 -6.0564
v  -45.2567 62.6854 -1.0857
v  -45.2567 62.5315 2.8842
v  -33.8469 63.3235 0.5240
v  -30.4851 64.7616 -5.6305
v  -30.6281 64.3590 -1.4777
v  -28.5259 64.6896 -1.6131
v  -20.1593 66.0683 0.0225
v  -16.4406 66.0106 1.5568
v  -14.1510 67.5744 -5.9141
v  -15.7891 72.3389 -5.6344
v  -16.0865 73.9202 -0.7538
v  -16.3838 71.8823 2.3362
v  -9.6211 74.1531 2.7087
v  -9.3369 74.3560 4.3520
v  -10.8850 76.4476 3.6117
v  -7.9350 70.3040 5.0308
v  -7.8033 69.9540 4.8613
v  -6.7161 67.8808 6.1519
v  -8.4863 66.1657 5.6426
v  -6.5092 63.5655 6.6684
v  -4.7733 66.3438 6.9558
v  -2.0255 65.5191 7.5160
v  -0.0327 63.0100 7.6866
v  -0.0327 65.4578 7.5833
v  2.0239 65.5191 7.5160
v  6.5076 63.5655 6.6684
v  4.7717 66.3438 6.9558
v  6.7144 67.8808 6.1519
v  8.4846 66.1657 5.6426
v  7.8017 69.9540 4.8613
v  7.9333 70.3040 5.0308
v  9.6195 74.1531 2.7087
v  9.3352 74.3560 4.3520
v  10.8833 76.4476 3.6117
v  11.8146 77.3102 2.1379
v  11.8283 78.3994 2.8013
v  10.5655 78.2926 4.6501
v  10.3288 83.2176 5.6825
v  8.7985 82.6801 9.0506
v  7.4163 85.6955 10.6125
v  7.4477 85.6474 11.7639
v  4.7544 87.2843 12.5819
v  7.3244 85.3179 12.4010
v  8.5397 82.2865 11.2855
v  8.0924 82.1629 11.3462
v  7.4002 79.6741 11.5798
v  8.9022 85.7877 5.6769
v  7.0042 86.4001 6.0888
v  8.4157 85.8939 1.6435
v  10.9794 87.7971 4.2347
v  11.9797 87.7651 0.8912
v  17.2214 89.9049 0.3641
v  17.6783 89.5838 -1.0396
v  21.6824 91.1778 -2.5876
v  18.6745 87.9798 -2.8041
v  19.0156 85.7255 -1.7927
v  14.4835 81.6297 -1.7504
v  15.4608 79.9623 0.1475
v  10.7380 78.8356 -1.0723
v  9.0378 76.6793 -2.1455
v  11.0248 73.8996 0.3372
v  10.5351 72.7151 2.4436
v  9.6030 69.7280 4.1679
v  12.0860 65.2431 1.5155
v  11.6733 71.4321 2.2940
v  13.4206 74.3573 -0.1656
v  10.1984 74.4978 -3.0889
v  4.7069 74.0765 -6.9359
v  8.8087 70.8460 -6.6728
v  5.1944 71.2617 -8.0863
v  9.2232 73.1044 -4.8742
v  12.2983 73.0894 -5.6497
v  6.6837 70.9891 3.5796
v  6.0807 71.5533 5.8496
v  6.5124 70.5517 5.3661
v  6.2504 72.8285 4.0379
v  7.1801 73.2338 5.7466
v  6.7923 75.8271 8.2600
v  6.1732 71.0915 8.0025
v  7.8267 76.9291 6.0784
v  11.9444 86.8984 4.1948
v  17.1178 89.2976 0.6574
v  20.3796 90.4051 -1.8074
v  18.2149 85.7974 -1.2272
v  15.1649 80.2669 0.8369
v  20.6483 71.6498 -2.1176
v  29.0411 67.7355 -5.3069
v  20.5737 70.2807 -5.2148
v  29.2872 67.9156 -3.7689
v  30.9778 67.0604 -5.0881
v  31.1519 67.2759 -3.5182
v  30.4834 64.7616 -5.6305
v  28.0785 65.1983 -5.8643
v  19.8585 66.9379 -5.9828
v  14.1494 67.5744 -5.9141
v  16.4389 66.0106 1.5568
v  20.1577 66.0683 0.0226
v  28.5243 64.6896 -1.6131
v  30.6265 64.3590 -1.4776
v  33.8453 63.3235 0.5240
v  34.3078 63.6036 -6.0563
v  35.3053 66.8234 -5.1898
v  34.8518 67.5324 -2.5628
v  34.3983 66.3954 0.0643
v  30.9376 66.2876 -1.9484
v  29.0280 66.5582 -2.2308
v  20.7229 70.2977 0.7837
v  16.0848 73.9202 -0.7538
v  16.3822 71.8823 2.3363
v  5.4311 70.6850 7.4229
v  5.8328 68.3782 7.1860
v  5.2594 74.6491 10.2783
v  4.9107 70.0372 9.8031
v  2.3823 67.4726 9.3198
v  3.9921 70.0435 9.1195
v  2.2126 69.7629 9.9875
v  4.3717 67.7823 8.5929
v  2.5459 74.1393 11.7184
v  2.3524 69.6598 11.0687
v  -0.0327 74.0607 12.0715
v  -0.0327 69.5799 11.5498
v  -2.3541 69.6598 11.0687
v  -2.5476 74.1393 11.7184
v  -0.1015 71.2849 1.2465
v  -2.5214 67.4963 9.6788
v  -0.0327 67.2987 10.2251
v  -4.5876 67.9302 7.5562
v  -4.6369 68.0080 8.8309
v  -6.0327 69.5194 7.0100
v  -7.3685 71.6824 5.9982
v  -7.0914 76.2880 1.5390
v  -8.3592 74.5875 6.2088
v  -7.4029 73.8172 8.3410
v  -0.0327 76.3333 2.0021
v  -5.6088 72.8398 10.7412
v  -2.8298 72.2900 11.8737
v  -0.0327 72.0575 12.4468
v  2.8282 72.2900 11.8737
v  5.6071 72.8398 10.7412
v  7.4013 73.8172 8.3411
v  7.0898 76.2880 1.5390
v  8.3576 74.5875 6.2088
v  7.3669 71.6824 5.9982
v  0.0999 71.2849 1.2465
v  6.0311 69.5194 7.0100
v  4.5860 67.9302 7.5562
v  4.6353 68.0080 8.8309
v  2.5198 67.4963 9.6788
v  -0.0327 69.6401 10.4340
v  -0.0327 67.2338 9.7119
v  -2.3840 67.4726 9.3198
v  -2.2143 69.7629 9.9875
v  -3.9938 70.0435 9.1195
v  -4.3733 67.7823 8.5929
v  -5.8344 68.3782 7.1860
v  -5.4328 70.6850 7.4229
v  -6.5141 70.5517 5.3661
v  -6.0824 71.5533 5.8496
v  -9.6046 69.7280 4.1679
v  -10.5368 72.7151 2.4436
v  -11.0264 73.8996 0.3372
v  -6.6853 70.9891 3.5796
v  -6.2520 72.8285 4.0379
v  -6.1748 71.0915 8.0025
v  -5.2610 74.6491 10.2783
v  -6.7939 75.8271 8.2600
v  -4.9123 70.0372 9.8031
v  -7.1817 73.2338 5.7466
v  -7.8283 76.9291 6.0784
v  -8.0941 74.6314 8.7226
v  -7.9083 76.4055 10.4933
v  -10.2472 77.0352 8.1034
v  -6.0878 73.4955 11.1761
v  -6.2995 75.1281 13.2247
v  -4.9408 72.8506 13.8446
v  -1.8815 72.8901 19.7859
v  -2.1750 71.8480 14.3142
v  -0.0327 71.9502 19.6934
v  -0.0327 71.3966 14.7827
v  2.1734 71.8480 14.3142
v  1.8799 72.8901 19.7859
v  4.9392 72.8506 13.8446
v  6.2978 75.1281 13.2247
v  6.0862 73.4955 11.1761
v  7.9067 76.4055 10.4933
v  8.0925 74.6314 8.7226
v  10.2456 77.0352 8.1035
v  8.1936 86.1780 12.0457
v  4.7544 87.4004 12.5819
v  8.3266 87.3141 11.9557
v  4.7195 86.4365 12.9509
v  4.7567 86.9785 13.5745
v  1.8797 86.0939 13.1233
v  1.6193 86.6573 13.4653
v  0.0096 84.2339 13.2150
v  0.6135 86.5976 12.9350
v  1.8720 87.3777 12.3741
v  1.8667 88.1008 13.2218
v  3.9766 88.1116 13.1751
v  6.7435 87.7732 12.8631
v  4.2005 89.0113 14.0261
v  6.4324 88.9298 12.7069
v  6.2822 89.8581 12.9379
v  4.1351 89.7337 13.5774
v  6.3618 89.2960 13.2132
v  8.9022 88.8691 10.8530
v  4.6154 87.0406 11.4484
v  3.3143 87.7148 6.5178
v  1.8015 86.9305 10.9207
v  4.2624 87.6998 6.4379
v  3.4063 87.2351 2.1994
v  1.8720 87.2616 12.3741
v  -0.0008 84.1178 13.2150
v  -0.0008 85.8917 11.4732
v  -1.8031 86.9305 10.9207
v  1.8797 85.9778 13.1233
v  4.7195 86.3205 12.9509
v  -4.7195 86.4365 12.9509
v  -1.8720 87.3777 12.3741
v  -4.7545 87.4004 12.5819
v  -1.8797 86.0939 13.1233
v  -0.0096 84.2339 13.2150
v  -4.8550 81.3118 13.1163
v  -3.2956 81.7872 13.5466
v  -4.8554 82.3266 13.1579
v  -4.2602 80.4675 13.3766
v  -3.2944 80.1519 13.3964
v  -2.3258 80.4908 13.1043
v  -1.7291 81.3118 13.1432
v  -1.7295 82.3266 13.1848
v  -2.3268 83.1476 13.2134
v  -3.2928 83.4612 13.2180
v  -4.2587 83.1476 13.1968
v  -5.3526 78.9347 12.9414
v  -2.9872 81.7873 13.2604
v  -7.4018 79.6741 11.5798
v  -3.5331 79.1260 13.3621
v  -1.7448 79.6204 12.9874
v  -0.5345 81.3647 12.6511
v  -0.7876 83.6290 12.6037
v  -1.8524 85.4341 12.4363
v  -4.6352 85.8996 12.4261
v  -6.9669 84.9939 11.5407
v  -8.0940 82.1629 11.3462
v  -8.3258 86.6302 12.2136
v  -9.7135 86.0830 10.1168
v  -8.1936 86.1780 12.0457
v  -8.3266 87.3141 11.9557
v  -4.7567 86.9785 13.5745
v  -6.7435 87.7732 12.8631
v  -3.9766 88.1116 13.1751
v  -1.8667 88.1008 13.2218
v  -0.6135 86.5976 12.9350
v  -1.6193 86.6573 13.4653
v  -6.2822 89.8581 12.9379
v  -6.4324 88.9298 12.7069
v  -8.9022 88.8691 10.8530
v  -4.2006 89.0113 14.0261
v  -6.3618 89.2960 13.2132
v  -4.1351 89.7337 13.5774
v  -2.8643 94.0583 4.8997
v  -2.5889 94.3402 3.1653
v  -1.5157 90.2564 5.3384
v  -4.7507 97.9936 8.4179
v  -0.8662 95.5776 7.2147
v  0.5088 92.9153 8.3685
v  -1.0179 92.4584 12.1555
v  2.4029 97.2937 16.0464
v  3.6331 96.1697 16.1846
v  1.7283 92.0004 12.1555
v  4.0174 97.2501 14.8161
v  9.6665 101.5144 21.7799
v  -11.8299 78.3994 2.8013
v  -10.5671 78.2926 4.6501
v  -10.3304 83.2176 5.6825
v  -11.8162 77.3102 2.1379
v  -9.0394 76.6793 -2.1455
v  -10.2000 74.4978 -3.0889
v  -7.1468 77.8171 -4.3219
v  -8.8374 82.3861 -1.2430
v  -6.5684 83.0804 -2.1384
v  -4.2387 78.4498 -5.3509
v  -3.7529 83.9741 -2.6732
v  -1.5087 78.7485 -5.9660
v  1.5071 78.7485 -5.9660
v  4.2371 78.4498 -5.3509
v  -0.0008 74.4259 -8.4788
v  3.7512 83.9741 -2.6732
v  7.1452 77.8171 -4.3219
v  6.5668 83.0804 -2.1384
v  6.4199 86.0938 1.9706
v  8.8357 82.3861 -1.2430
v  -0.0008 71.2480 -9.6472
v  -0.0008 66.7032 -10.1755
v  6.2510 66.9095 -8.7358
v  11.4187 65.6267 -4.8086
v  -0.0008 61.2080 -8.9775
v  -3.3811 61.3243 -8.2002
v  3.3315 61.2311 -8.1912
v  8.5922 61.4702 -5.4469
v  10.3491 61.4890 2.4515
v  8.4022 54.7768 2.3676
v  5.6065 54.2634 4.7126
v  6.0430 47.4686 1.7571
v  3.6222 46.2546 3.6331
v  -0.0008 54.2634 5.4200
v  -0.0008 45.8293 4.1622
v  -3.6238 46.2546 3.6331
v  -5.6082 54.2634 4.7126
v  -6.0446 47.4686 1.7571
v  -8.4038 54.7768 2.3676
v  -6.4876 54.6901 -4.7967
v  -4.4663 48.2082 -3.7856
v  -5.1701 45.7711 8.1176
v  -5.5505 41.2469 5.6221
v  -5.1483 44.0569 3.3815
v  -5.0257 43.0289 8.3609
v  -2.7426 40.9472 5.6225
v  -2.0380 39.0621 6.9129
v  -2.2865 40.4336 8.2445
v  -2.5355 38.6819 3.4449
v  -3.7328 39.5435 6.5076
v  -5.3267 40.5965 1.6509
v  -8.3143 42.3007 2.7626
v  -3.6142 42.1625 -3.4133
v  -5.6580 44.5964 -5.7743
v  -0.0008 42.2148 -4.5103
v  0.0012 44.8068 -7.8751
v  3.6126 42.1625 -3.4133
v  6.3319 44.5964 -5.7743
v  8.9882 42.3007 2.7626
v  5.3250 40.5965 1.6509
v  4.4067 39.5435 6.5076
v  2.5338 38.6819 3.4449
v  2.0318 39.0621 6.9129
v  3.1801 34.9275 8.2965
v  2.2729 40.4336 8.2446
v  3.0207 35.1861 7.0363
v  4.2811 30.3738 4.7760
v  4.0750 31.2422 3.5025
v  7.3822 33.3653 5.3189
v  6.4594 35.6748 6.8447
v  10.4567 39.3855 1.8657
v  6.6145 38.3082 -7.6541
v  10.2462 36.6607 1.8476
v  7.4781 35.0648 -6.9687
v  3.4911 31.9298 -6.3741
v  6.8109 38.2234 -8.5935
v  3.5731 37.7883 -10.8665
v  -0.0148 37.3533 -10.2382
v  2.7330 40.9460 5.5822
v  -5.7264 43.5755 4.4342
v  -8.1712 39.7390 -1.6342
v  -6.6626 43.6703 4.6107
v  -6.8418 39.6044 -1.8849
v  -10.0280 34.9668 -7.2286
v  -8.8024 34.8543 -7.0830
v  -8.2722 33.7735 -6.7885
v  -6.3897 38.5282 -1.1877
v  -5.4080 42.8177 4.9251
v  -6.5268 41.4182 9.9825
v  -10.0801 41.1433 6.9033
v  -9.2409 43.2628 9.3024
v  -7.3661 39.2987 7.5834
v  -9.6253 39.3918 8.6461
v  -10.2850 34.3484 3.0203
v  -8.6891 39.2969 8.4696
v  -11.6144 34.4831 3.2710
v  -11.6094 30.1926 -3.1834
v  -12.7107 30.6605 -2.8609
v  -13.3652 31.3859 -3.6234
v  -12.0665 35.5592 2.5739
v  -9.9437 40.1496 8.1552
v  -1.0133 31.7271 1.2992
v  -4.1401 31.2637 3.4463
v  -5.0365 34.4061 3.1532
v  -1.2013 28.6692 0.4389
v  -0.8009 31.0052 -6.6310
v  -0.0131 31.6527 -4.9080
v  -0.0131 28.2192 -0.0633
v  -5.9406 38.3082 -7.6541
v  -6.1422 38.2186 -8.5893
v  -6.7832 35.0365 -6.8888
v  -2.8594 31.9530 -6.3128
v  -2.9035 37.7859 -10.8643
v  1.0117 31.7271 1.2992
v  1.1581 28.6202 0.4716
v  5.0349 34.4061 3.1532
v  2.8793 28.8070 3.2238
v  4.6434 26.2748 4.0573
v  3.9996 26.5501 0.6835
v  4.7552 24.6413 3.9266
v  4.2683 27.5621 3.8628
v  1.8239 33.0973 -3.5679
v  6.0919 26.5187 -0.5204
v  4.7715 35.8094 -4.7453
v  8.5686 26.5188 0.6159
v  6.5431 36.6526 1.2552
v  8.3867 27.8007 2.4437
v  6.5699 28.4106 4.4142
v  6.9480 26.4783 4.9713
v  8.7622 26.5187 2.6938
v  7.2188 24.2343 4.5484
v  8.9878 25.1637 2.2632
v  -4.2404 30.3930 4.7156
v  -2.9306 28.8537 3.1870
v  -9.5669 34.4139 -5.2267
v  -7.9902 38.3720 -0.6442
v  -6.5351 42.7076 5.3078
v  -10.3507 61.4890 2.4515
v  -8.5938 61.4702 -5.4469
v  -13.4222 74.3573 -0.1656
v  -12.3000 73.0894 -5.6497
v  -11.6749 71.4321 2.2940
v  -12.0876 65.2431 1.5155
v  -11.4203 65.6267 -4.8086
v  -6.2527 66.9095 -8.7358
v  -8.8103 70.8460 -6.6728
v  -5.1961 71.2617 -8.0864
v  -4.7085 74.0765 -6.9359
v  -9.2248 73.1044 -4.8742
v  -11.3336 34.2146 -4.0586
v  -10.3314 33.9734 -3.3705
v  -9.5778 33.0213 -3.6186
v  -10.7222 32.8557 -4.8424
v  -10.1282 33.1417 -6.4372
v  -11.7954 31.3528 -4.6362
v  -11.9018 29.0248 -5.1835
v  -12.0340 30.6598 -5.5633
v  -11.5211 32.3169 -3.1157
v  -13.6576 30.2181 -5.6236
v  -13.1274 29.1373 -5.3291
v  -11.7838 29.8192 -8.8413
v  -12.5374 30.7713 -8.5932
v  -11.3930 30.9369 -7.3694
v  -10.3697 32.4457 -7.3612
v  -10.7684 33.3184 -8.7447
v  -9.6670 32.8505 -9.0673
v  -9.9029 13.5280 0.7959
v  -8.1373 13.5218 -1.3823
v  -8.7905 13.4174 -2.3498
v  -8.8717 13.7249 0.8423
v  -8.2038 12.8744 3.0974
v  -7.6787 13.3157 2.1754
v  -5.3986 12.6512 1.9358
v  -4.8413 12.0270 2.4921
v  -5.0307 12.6130 -0.5965
v  -4.1078 12.0765 -1.0772
v  -6.1501 12.6646 -2.8894
v  -6.3686 12.9259 -1.8534
v  4.8168 15.0187 2.4921
v  5.0220 15.5994 -0.5965
v  4.0849 15.0880 -1.0772
v  5.3908 15.6276 1.9358
v  8.2010 15.7750 3.0974
v  7.6880 16.2304 2.1754
v  8.8916 16.6072 0.8423
v  9.9170 16.3826 0.7959
v  8.1519 16.4241 -1.3823
v  8.8021 16.3020 -2.3498
v  6.3679 15.8761 -1.8534
v  6.1424 15.6208 -2.8894
v  5.3592 13.6529 -0.6687
v  6.8317 7.6533 -2.4086
v  5.8480 7.6533 -0.2515
v  6.7934 14.2858 -2.6841
v  8.7990 15.1373 -1.8431
v  9.3388 15.3128 -0.2459
v  8.0795 14.6841 1.9144
v  5.7284 13.7079 1.1436
v  7.4203 7.6533 0.6614
v  8.4089 7.6533 -1.2919
v  8.4432 7.4975 2.5026
v  4.5861 7.9407 0.7274
v  5.1715 5.1582 2.6343
v  7.7376 8.5993 1.5612
v  10.4141 8.5679 0.0521
v  12.4293 6.0839 1.3956
v  14.3585 6.7879 9.3305
v  10.0935 8.6563 10.9198
v  12.4031 6.7836 13.1611
v  7.6959 6.7148 13.8503
v  5.9708 7.1135 11.8458
v  8.9927 -0.1166 -5.1174
v  3.9656 0.0000 3.6496
v  4.0540 -0.1166 -3.8766
v  13.0304 0.0000 0.9235
v  15.1981 0.0000 8.7612
v  4.8491 0.0000 11.6074
v  12.7154 0.0000 13.4562
v  7.2171 0.0000 14.9461
v  7.0700 3.1104 15.2866
v  4.2250 2.4531 12.0547
v  12.6498 3.1104 13.8795
v  15.6028 2.4531 9.0458
v  13.6061 2.4531 1.1596
v  8.6322 5.9964 -4.8265
v  9.2083 2.3366 -5.3959
v  4.2398 2.2093 -4.3072
v  5.0405 5.3846 -3.3215
v  3.6261 2.4531 3.1420
v  -12.7170 0.0000 13.4562
v  -4.8507 0.0000 11.6074
v  -7.2188 0.0000 14.9461
v  -15.1997 0.0000 8.7612
v  -3.9672 0.0000 3.6496
v  -13.0320 0.0000 0.9235
v  -8.9943 -0.1166 -5.1174
v  -4.0556 -0.1166 -3.8766
v  -15.6045 2.4531 9.0458
v  -12.6514 3.1104 13.8795
v  -7.0717 3.1104 15.2866
v  -4.2267 2.4531 12.0547
v  -13.6077 2.4531 1.1596
v  -9.2100 2.3366 -5.3959
v  -4.2414 2.2093 -4.3072
v  -3.6277 2.4531 3.1420
v  -12.4309 6.0839 1.3955
v  -8.6339 5.9964 -4.8265
v  -5.0421 5.3846 -3.3215
v  -5.1732 5.1582 2.6343
v  -5.9724 7.1135 11.8458
v  -7.6976 6.7148 13.8503
v  -12.4047 6.7836 13.1611
v  -14.3601 6.7879 9.3305
v  -0.8665 75.8905 22.8528
v  -2.8187 75.0692 19.9921
v  -0.8603 74.9343 22.9727
v  -2.4218 75.9720 20.0396
v  -6.8148 77.3914 13.4766
v  -2.0247 76.9238 26.1003
v  -0.0327 76.4156 23.1330
v  -0.0327 78.4437 25.5815
v  2.0231 76.9238 26.1003
v  0.8649 75.8905 22.8528
v  0.8587 74.9343 22.9727
v  1.9835 75.5600 25.9030
v  -0.0327 74.2958 23.4529
v  -0.0327 73.4652 25.1942
v  -1.9852 75.5600 25.9030
v  -0.0327 77.0502 27.9895
v  -0.0327 75.7223 27.9535
v  -0.0327 74.1162 26.9093
v  2.8171 75.0692 19.9921
v  2.4202 75.9720 20.0396
v  6.8131 77.3914 13.4766
v  5.7831 78.1997 13.6522
v  7.8393 79.3487 11.2487
v  8.1907 78.5513 10.3528
v  8.8859 82.4802 10.7775
v  9.1210 80.0157 8.5788
v  10.8350 78.7791 7.5490
v  5.3509 78.9347 12.9414
v  3.5315 79.1260 13.3621
v  -0.2883 89.4839 -6.9193
v  0.2240 85.5388 -9.3975
v  -1.9649 87.3685 -8.3498
v  0.9226 86.4202 -8.8015
v  -18.6761 87.9798 -2.8041
v  -19.0172 85.7255 -1.7927
v  -21.6840 91.1778 -2.5876
v  -14.4852 81.6297 -1.7504
v  -15.4624 79.9623 0.1475
v  -10.7396 78.8356 -1.0723
v  -12.7965 85.0350 -1.9363
v  -17.6800 89.5838 -1.0396
v  -17.2230 89.9049 0.3641
v  -11.9813 87.7651 0.8912
v  -10.9810 87.7971 4.2347
v  -8.4173 85.8939 1.6435
v  -8.9039 85.7877 5.6769
v  -7.0059 86.4001 6.0888
v  -6.4215 86.0938 1.9706
v  -3.4080 87.2351 2.1994
v  -4.2640 87.6998 6.4379
v  -3.3159 87.7148 6.5178
v  -1.8559 88.0324 0.3842
v  -1.7765 85.0104 -4.0560
v  0.4439 80.0346 -9.1869
v  2.3848 85.0772 -4.0560
v  2.4643 88.0324 0.3842
v  2.7631 88.4581 5.0659
v  1.5939 87.8676 9.2838
v  -1.3385 87.8676 10.0523
v  -2.1548 88.4581 5.0659
v  2.0413 90.4906 5.2371
v  5.3070 93.6441 2.5646
v  0.3042 90.2880 1.3279
v  -0.7974 95.3604 4.3351
v  -0.3713 92.2365 -4.0730
v  -1.8137 91.1279 -4.1836
v  -2.6113 89.2278 -6.0208
v  1.2277 82.4830 -9.7463
v  2.0364 85.2480 -7.6084
v  2.5912 87.6963 -10.8850
v  0.3055 91.1285 -5.3444
v  4.5424 93.5549 0.8440
v  7.6645 94.4382 -0.5092
v  5.4931 92.5621 0.4286
v  -6.4177 92.4558 -9.7446
v  -15.1665 80.2669 0.8369
v  -11.9461 86.8984 4.1948
v  -18.2165 85.7974 -1.2272
v  -17.1194 89.2976 0.6574
v  -20.3812 90.4051 -1.8074
v  -10.9472 76.8410 5.5498
v  -10.1061 75.6684 5.3629
v  10.1044 75.6684 5.3629
v  10.9456 76.8410 5.5498
v  -8.1923 78.5513 10.3528
v  -10.8366 78.7791 7.5490
v  8.1887 71.0363 5.5385
v  6.9846 68.5767 6.7109
v  5.0445 66.5405 7.9627
v  2.3870 65.6533 9.1257
v  -0.0327 65.4906 9.4375
v  15.7874 72.3389 -5.6344
v  6.7493 58.9145 5.6905
v  -0.0008 58.9145 6.5533
v  -6.7509 58.9145 5.6905
v  -2.3886 65.6533 9.1257
v  -5.0461 66.5405 7.9627
v  -6.9862 68.5767 6.7109
v  -8.1903 71.0363 5.5385
v  -47.0021 60.9479 6.8814
v  -51.6500 60.1529 9.9246
v  -52.0611 60.6985 9.5784
v  -56.8585 60.6905 8.5111
v  -56.7399 64.2857 8.4179
v  -57.1273 60.6981 10.3557
v  -52.8332 60.5452 10.1259
v  -52.0581 64.4033 9.5710
v  -52.7537 64.4529 9.9839
v  -57.0150 64.2994 10.2951
v  -58.4717 65.0693 -4.1752
v  -64.5898 63.8669 -4.7582
v  -63.1078 61.8760 -4.7358
v  -46.9323 64.3496 6.7838
v  -51.7110 64.9855 9.9500
v  -30.9794 67.0604 -5.0881
v  -7.7398 44.8735 7.6808
v  -8.2646 43.0915 4.9419
v  -8.3694 44.4140 8.9472
v  -5.6554 42.5695 9.6273
v  -6.3917 45.2670 11.6251
v  -8.5161 42.1808 11.7322
v  -10.4823 38.3332 9.1438
v  -9.0126 32.1251 -8.3047
v  -10.7816 29.5780 -8.1532
v  -10.4659 35.7154 2.0303
v  -8.8165 40.2596 7.7724
v  -9.5154 36.6116 1.8129
v  -9.7827 39.3855 1.8657
v  -6.6886 33.3591 5.2390
v  -5.7854 35.6748 6.8447
v  -3.1016 35.1861 7.0363
v  -4.2700 27.5621 3.8628
v  -6.5715 28.4106 4.4142
v  -4.6450 26.2748 4.0573
v  -6.9496 26.4783 4.9713
v  -4.7569 24.6413 3.9266
v  -7.2204 24.2343 4.5484
v  -8.9894 25.1637 2.2632
v  -8.5702 26.5188 0.6159
v  -6.0935 26.5187 -0.5204
v  -4.0013 26.5501 0.6835
v  -7.7393 7.9527 1.8347
v  -4.5878 7.9407 0.7274
v  -8.4448 7.4975 2.5026
v  -10.4157 8.1545 0.0633
v  -10.0952 8.6563 10.9198
v  -4.4981 7.7695 -2.2771
v  -7.8907 8.1946 -3.9354
v  -7.4219 7.6533 0.6365
v  -8.4105 7.6533 -1.3366
v  -5.8496 7.6533 -0.2763
v  -6.8333 7.6533 -2.3962
v  -4.8894 10.7179 -0.3202
v  -5.2562 10.6931 1.4645
v  -7.7236 11.1169 2.2236
v  -9.0674 11.4437 0.0863
v  -8.5112 11.3883 -1.4866
v  -6.4024 11.0120 -2.2862
v  7.8891 8.1946 -3.9354
v  4.4965 7.7695 -2.2771
v  -1.8256 33.0973 -3.5679
v  -4.7731 35.8094 -4.7453
v  -6.5447 36.6526 1.2552
v  -8.3884 27.8007 2.4437
v  -8.7638 26.5187 2.6938
v  -3.1866 34.9264 8.2945
v  -0.0131 40.5458 8.6499
v  -0.0154 34.3917 8.5403
v  -0.0162 30.0810 5.3787
v  -0.0170 28.4049 3.1951
v  -0.0008 39.2505 3.9048
v  -0.0048 41.5152 6.0622
v  -0.0008 54.7498 -7.5696
v  -0.0008 48.0591 -5.5398
v  6.4859 54.6901 -4.7967
v  4.4646 48.2082 -3.7856
v  0.8146 31.0052 -6.6310
v  12.7948 85.0350 -1.9363
v  8.3258 86.6302 12.2136
v  9.7135 86.0830 10.1168
v  6.9652 84.9939 11.5407
v  4.6335 85.8996 12.4261
v  1.8507 85.4341 12.4363
v  0.7860 83.6290 12.6037
v  0.5328 81.3647 12.6511
v  -0.0008 81.2634 12.6942
v  1.7432 79.6204 12.9874
v  -0.0008 79.2470 13.4300
v  -0.0008 77.1537 20.0661
v  -5.7847 78.1997 13.6522
v  -7.8409 79.3487 11.2487
v  -8.5413 82.2865 11.2855
v  -7.3260 85.3179 12.4010
v  -4.7211 86.3205 12.9509
v  -1.8813 85.9778 13.1233
v  -8.8875 82.4802 10.7775
v  -7.4493 85.6474 11.7639
v  -4.7561 87.2843 12.5819
v  -1.8737 87.2616 12.3741
v  -4.6170 87.0406 11.4484
v  -7.4180 85.6955 10.6125
v  -8.8001 82.6801 9.0506
v  -9.1226 80.0157 8.5788
v  -1.3763 88.5154 13.2818
v  -1.5656 88.1881 13.3620
v  -2.2769 89.0719 13.4845
v  1.3763 88.5154 13.2818
v  2.2768 89.0719 13.4845
v  1.5655 88.1881 13.3620
v  1.5104 82.3266 13.2127
v  1.5107 81.3118 13.1710
v  3.0700 81.7872 13.6013
v  2.1080 80.4908 13.1425
v  3.0713 80.1519 13.4511
v  4.0374 80.4675 13.4480
v  4.6365 81.3118 13.1979
v  4.6362 82.3266 13.2396
v  4.0389 83.1476 13.2682
v  3.0729 83.4612 13.2727
v  2.1070 83.1476 13.2516
v  2.9855 81.7873 13.2604
v  45.2550 62.5315 2.8842
v  45.2550 62.6854 -1.0857
v  45.2550 64.6441 -0.5980
v  45.2550 64.9933 0.9724
v  45.2550 64.2939 2.5427
v  44.0462 61.5817 -1.9417
v  43.2743 61.0185 4.3323
v  44.4656 65.2611 -2.2880
v  44.6857 66.2773 1.1847
v  43.7462 65.0985 4.9998
v  51.6483 60.1529 9.9246
v  46.9307 64.3496 6.7839
v  47.0005 60.9479 6.8814
v  51.7093 64.9855 9.9500
v  52.0594 60.6985 9.5784
v  52.0565 64.4033 9.5710
v  54.0200 64.4392 7.1211
v  54.3083 65.1363 6.6949
v  52.5027 65.5778 5.4463
v  52.8316 60.5452 10.1259
v  54.0883 60.5380 7.3160
v  57.1257 60.6981 10.3557
v  56.8569 60.6905 8.5111
v  56.7383 64.2857 8.4180
v  57.0134 64.2994 10.2951
v  52.7520 64.4529 9.9839
v  54.3297 59.9459 7.0002
v  51.9658 61.0158 6.8867
v  59.2473 60.9650 7.3874
v  54.2961 60.6363 3.1739
v  58.9776 60.6565 2.7664
v  55.2284 61.2200 6.7576
v  50.5454 60.8756 3.4610
v  50.2935 61.1584 -3.2083
v  53.7447 62.0815 -4.3567
v  50.2150 64.7944 -1.7787
v  53.6313 65.5843 -3.2252
v  50.4743 64.8667 1.1937
v  54.4087 65.3767 3.1481
v  54.7836 65.2697 6.3902
v  58.5039 65.8518 7.6291
v  58.4064 66.0901 3.0213
v  58.5530 65.1617 3.3737
v  59.2804 61.4246 3.1156
v  59.7208 61.7387 6.2600
v  59.6067 60.7383 2.3679
v  58.7717 65.1275 2.4638
v  58.5482 65.9736 2.8911
v  59.9812 61.5436 2.0235
v  59.2363 62.2043 -1.2276
v  65.2611 61.1029 1.7071
v  66.5420 63.5441 1.6503
v  59.6526 64.9480 2.3716
v  59.0613 65.0086 -0.9018
v  65.9796 63.7055 -1.5539
v  64.5982 61.4894 -1.5143
v  57.8265 65.1958 -4.1139
v  58.2991 65.1616 -0.8250
v  58.4701 65.0693 -4.1752
v  64.5882 63.8669 -4.7582
v  63.1062 61.8760 -4.7357
v  58.4913 62.8650 -4.4788
v  57.9467 62.0874 -5.3552
v  57.4238 66.1083 -4.8630
v  59.4313 64.9529 3.3222
v  58.9608 65.0328 6.4447
v  59.7015 64.8511 6.3541
v  66.2765 63.2377 5.5504
v  65.0474 60.9268 5.6405
v  64.6872 60.6048 2.9985
v  66.0523 63.3789 2.9343
v  46.4106 61.3352 3.8539
v  46.3179 61.9496 -0.9777
v  46.2528 64.5223 -1.2025
v  47.0994 65.5021 1.4192
v  46.3300 64.6243 4.5283
# 895 vertices

vn -0.4349 -0.6221 -0.6510
vn -0.6969 -0.4728 0.5393
vn -0.5770 -0.3100 -0.7556
vn -0.4609 -0.5833 0.6688
vn -0.1308 0.7171 -0.6846
vn -0.8756 0.3626 -0.3191
vn -0.8128 0.5154 0.2715
vn -0.2468 0.6621 0.7076
vn -0.8037 0.3193 0.5022
vn -0.4328 -0.6908 0.5792
vn -0.3191 -0.7525 -0.5761
vn -0.7073 0.3727 -0.6007
vn -0.5488 -0.6946 0.4650
vn -0.8639 0.4523 0.2218
vn -0.5905 -0.5442 0.5960
vn -0.5052 0.6572 0.5594
vn -0.3333 0.6409 0.6914
vn 0.0890 0.9960 -0.0015
vn -0.4382 0.6807 -0.5870
vn 0.2935 0.6613 0.6903
vn -0.0476 0.9945 0.0938
vn -0.0293 0.9957 -0.0881
vn 0.3491 0.7877 -0.5076
vn 0.2253 0.7942 -0.5643
vn 0.2446 -0.4943 -0.8342
vn 0.2565 -0.6024 -0.7559
vn -0.2129 0.5756 -0.7896
vn 0.0165 -0.7836 -0.6211
vn 0.2329 -0.9351 0.2672
vn 0.6300 -0.3920 -0.6704
vn 0.7473 -0.5164 0.4181
vn 0.5142 0.4930 -0.7018
vn 0.5990 0.7820 -0.1722
vn -0.1191 0.9914 -0.0546
vn 0.2578 0.7377 0.6240
vn 0.6656 0.4419 0.6015
vn -0.8630 0.4623 -0.2037
vn 0.0558 -0.9773 -0.2042
vn -0.6595 -0.6835 -0.3128
vn -0.8661 -0.4011 0.2983
vn -0.8648 0.3951 0.3098
vn -0.0035 -0.9999 -0.0134
vn 0.1350 -0.6113 0.7798
vn 0.1008 -0.9949 0.0065
vn -0.3649 -0.4825 -0.7963
vn -0.4438 -0.8631 -0.2412
vn -0.5628 -0.2152 -0.7981
vn -0.7837 0.4808 -0.3933
vn -0.3169 0.6969 -0.6433
vn -0.6580 0.7481 -0.0863
vn -0.4244 -0.8708 -0.2483
vn -0.4320 -0.7433 0.5108
vn -0.8800 0.3952 -0.2634
vn -0.8129 0.3285 0.4810
vn -0.2098 0.6581 0.7231
vn -0.1920 0.9813 -0.0147
vn 0.0704 -0.5838 -0.8088
vn -0.2138 0.5821 -0.7845
vn 0.0779 -0.5410 -0.8374
vn -0.2643 0.6569 -0.7061
vn -0.4273 0.9041 -0.0050
vn -0.3801 0.8989 0.2180
vn -0.4269 0.3822 0.8195
vn -0.2553 0.5030 0.8257
vn -0.0354 0.9782 0.2046
vn 0.2439 0.6074 0.7560
vn 0.2091 0.6274 0.7501
vn -0.0679 0.9942 0.0832
vn 0.9721 -0.0032 0.2347
vn 0.8831 0.4668 0.0467
vn -0.2524 0.6486 -0.7180
vn 0.9058 0.2972 -0.3020
vn -0.0102 -0.5854 -0.8107
vn 0.9986 0.0046 0.0518
vn 0.9765 0.2142 -0.0255
vn 0.3730 -0.6144 0.6952
vn 0.1294 -0.5854 -0.8003
vn 0.4191 -0.6309 0.6529
vn -0.0060 -0.7073 0.7069
vn -0.0914 -0.8209 0.5636
vn -0.2081 -0.7321 0.6486
vn -0.1258 -0.5143 -0.8483
vn -0.2383 0.5878 -0.7731
vn -0.3171 0.9426 0.1043
vn -0.2409 0.4004 0.8841
vn -0.9422 -0.1098 0.3164
vn -0.9051 -0.4229 0.0444
vn -0.8946 -0.3820 0.2318
vn -0.9230 -0.3761 0.0818
vn -0.8002 -0.0593 0.5969
vn -0.7236 -0.1987 0.6610
vn -0.5878 0.0297 0.8085
vn -0.3636 -0.0924 0.9270
vn -0.4838 -0.5279 0.6980
vn -0.2058 -0.6735 0.7099
vn -0.0015 -0.1464 0.9892
vn -0.0007 -0.6859 0.7277
vn 0.2049 -0.6744 0.7094
vn 0.3633 -0.0924 0.9271
vn 0.4838 -0.5279 0.6980
vn 0.7236 -0.1987 0.6610
vn 0.5878 0.0297 0.8085
vn 0.8001 -0.0592 0.5970
vn 0.9230 -0.3760 0.0819
vn 0.9422 -0.1098 0.3165
vn 0.9051 -0.4228 0.0444
vn 0.8946 -0.3820 0.2318
vn 0.8105 -0.5838 0.0478
vn 0.7338 -0.2644 0.6258
vn 0.9570 0.0873 0.2766
vn 0.7892 0.0749 0.6095
vn 0.9591 0.1763 0.2216
vn 0.7091 0.6998 0.0863
vn 0.7635 0.6090 0.2150
vn 0.2286 0.8627 0.4510
vn 0.4041 -0.0665 0.9123
vn 0.6321 -0.0795 0.7708
vn 0.1947 -0.0509 0.9795
vn 0.5254 0.1132 0.8433
vn 0.3830 0.8290 0.4076
vn 0.3524 0.9358 0.0062
vn -0.2202 0.8792 -0.4225
vn -0.1502 0.8294 0.5381
vn -0.4499 0.7863 -0.4235
vn 0.0626 0.9100 0.4098
vn -0.4454 0.7113 -0.5437
vn 0.7366 0.6303 -0.2453
vn -0.0283 0.0905 -0.9955
vn 0.8772 -0.4715 -0.0904
vn 0.1874 -0.3744 -0.9081
vn 0.7224 -0.6814 -0.1175
vn 0.4335 -0.3133 -0.8450
vn 0.8518 0.2463 -0.4624
vn 0.3165 0.8841 0.3438
vn 0.5438 0.3907 0.7428
vn 0.5434 0.1922 0.8172
vn 0.6840 -0.5170 0.5145
vn 0.3497 0.2367 0.9065
vn 0.0996 0.9531 0.2857
vn 0.5045 0.7718 -0.3871
vn 0.3643 0.3796 -0.8504
vn 0.3032 0.2572 -0.9176
vn 0.3212 0.2957 -0.8997
vn 0.2274 0.5944 -0.7714
vn 0.0754 0.7157 -0.6943
vn 0.9547 0.2218 0.1985
vn 0.9238 0.2066 0.3223
vn 0.9198 0.2294 0.3184
vn 0.9617 0.1736 0.2123
vn 0.9390 -0.1565 0.3064
vn 0.9003 -0.1611 0.4045
vn 0.8772 -0.1294 0.4624
vn 0.9208 -0.1916 0.3398
vn 0.5030 0.1714 0.8471
vn 0.5555 0.0692 0.8286
vn 0.5844 -0.1598 0.7955
vn 0.6024 -0.1103 0.7906
vn 0.7021 -0.3092 0.6415
vn 0.4272 0.9041 -0.0050
vn 0.2643 0.6569 -0.7061
vn 0.2138 0.5821 -0.7845
vn 0.3801 0.8989 0.2181
vn 0.1535 0.6974 -0.7000
vn 0.0354 0.9782 0.2046
vn -0.1294 -0.5854 -0.8003
vn -0.0704 -0.5838 -0.8088
vn -0.0779 -0.5410 -0.8374
vn 0.1258 -0.5143 -0.8483
vn 0.2081 -0.7321 0.6486
vn 0.0914 -0.8209 0.5636
vn 0.0060 -0.7073 0.7069
vn -0.4192 -0.6309 0.6529
vn -0.3730 -0.6144 0.6952
vn 0.0102 -0.5854 -0.8107
vn 0.2524 0.6486 -0.7180
vn 0.0679 0.9942 0.0832
vn -0.2091 0.6274 0.7501
vn -0.2439 0.6074 0.7560
vn 0.2553 0.5030 0.8257
vn 0.4269 0.3822 0.8195
vn 0.3171 0.9426 0.1043
vn 0.2409 0.4004 0.8841
vn 0.8299 0.0968 0.5495
vn 0.7894 0.0422 0.6124
vn 0.7069 -0.1333 0.6947
vn 0.6398 -0.1349 0.7566
vn 0.3009 -0.2285 0.9259
vn 0.5790 -0.0940 0.8099
vn 0.3268 -0.2421 0.9136
vn 0.5477 -0.1015 0.8305
vn 0.3209 -0.1424 0.9363
vn 0.3146 -0.1369 0.9393
vn -0.0018 -0.1391 0.9903
vn -0.0027 -0.1156 0.9933
vn -0.3171 -0.1367 0.9385
vn -0.3225 -0.1424 0.9358
vn 0.2032 0.4938 0.8455
vn -0.2793 0.4053 0.8704
vn -0.0020 0.3217 0.9468
vn 0.3579 0.8852 0.2971
vn -0.2165 0.5355 0.8163
vn -0.0196 0.5412 0.8407
vn 0.0791 0.2836 0.9557
vn 0.6025 -0.5340 0.5932
vn -0.2184 -0.8911 0.3979
vn -0.4199 -0.9034 -0.0870
vn -0.0003 -0.8827 0.4700
vn -0.3934 -0.9157 -0.0820
vn -0.0712 -0.9608 -0.2679
vn -0.0002 -0.9478 -0.3188
vn 0.0710 -0.9609 -0.2677
vn 0.3934 -0.9157 -0.0820
vn 0.4199 -0.9034 -0.0869
vn -0.6026 -0.5340 0.5931
vn 0.2184 -0.8911 0.3979
vn -0.0791 0.2836 0.9557
vn -0.2018 0.4927 0.8465
vn 0.0196 0.5412 0.8407
vn -0.3579 0.8852 0.2971
vn 0.2165 0.5355 0.8163
vn 0.2776 0.4046 0.8713
vn -0.0027 -0.2766 0.9610
vn -0.0023 -0.2874 0.9578
vn -0.3032 -0.2284 0.9252
vn -0.3296 -0.2417 0.9127
vn -0.5790 -0.0940 0.8099
vn -0.5478 -0.1015 0.8305
vn -0.7894 0.0422 0.6124
vn -0.8299 0.0967 0.5495
vn -0.9198 0.2294 0.3184
vn -0.9238 0.2066 0.3223
vn -0.5434 0.1922 0.8172
vn -0.5438 0.3907 0.7428
vn -0.3165 0.8841 0.3438
vn -0.9547 0.2218 0.1984
vn -0.9617 0.1737 0.2123
vn -0.8772 -0.1294 0.4624
vn -0.7069 -0.1333 0.6947
vn -0.9003 -0.1611 0.4045
vn -0.6398 -0.1349 0.7566
vn -0.9390 -0.1565 0.3064
vn -0.9208 -0.1916 0.3398
vn -0.7356 -0.6009 0.3127
vn -0.8273 -0.2759 0.4893
vn -0.8173 -0.3218 0.4780
vn -0.7816 -0.5657 0.2628
vn -0.8607 -0.3503 0.3695
vn -0.6532 -0.7103 0.2623
vn -0.6164 -0.6756 0.4046
vn -0.2698 -0.9623 0.0359
vn -0.0059 -0.9393 0.3429
vn -0.0027 -0.9996 -0.0292
vn 0.2667 -0.9631 0.0358
vn 0.6112 -0.6795 0.4059
vn 0.6532 -0.7103 0.2623
vn 0.8607 -0.3503 0.3695
vn 0.7816 -0.5657 0.2628
vn 0.8273 -0.2759 0.4893
vn 0.7356 -0.6009 0.3127
vn 0.8173 -0.3218 0.4780
vn 0.5900 -0.7249 0.3557
vn -0.0933 0.4004 -0.9116
vn 0.8335 0.4784 0.2764
vn 0.0057 -0.9649 0.2625
vn 0.1434 -0.1930 0.9707
vn -0.0297 -0.1300 0.9911
vn -0.1363 -0.1050 0.9851
vn -0.6346 0.0118 0.7728
vn -0.9495 0.2995 -0.0938
vn -0.3761 0.8782 -0.2954
vn 0.0101 0.9993 0.0368
vn 0.6260 0.7109 -0.3205
vn 0.4214 0.7793 0.4638
vn 0.0368 -0.0247 0.9990
vn -0.0539 -0.9169 -0.3956
vn 0.1633 0.9798 -0.1152
vn -0.3424 0.9395 0.0042
vn 0.5058 -0.1300 0.8528
vn 0.7645 -0.1428 -0.6287
vn 0.1978 0.9770 -0.0801
vn 0.2906 0.9497 0.1172
vn -0.1367 0.9456 0.2951
vn 0.2294 0.9731 -0.0183
vn 0.6100 0.7571 -0.2337
vn -0.4162 0.8518 0.3182
vn -0.4156 0.4566 0.7867
vn -0.0084 0.5040 0.8637
vn -0.0699 0.3589 0.9308
vn 0.0000 0.0276 0.9996
vn -0.0048 0.6627 0.7489
vn 0.1431 0.9338 0.3280
vn 0.0058 -0.0168 0.9998
vn 0.1274 -0.1913 0.9732
vn -0.0385 -0.2245 0.9737
vn 0.4125 0.9071 0.0842
vn 0.0942 0.9533 -0.2870
vn 0.1980 0.2017 0.9592
vn 0.4465 0.3285 0.8323
vn -0.2725 0.0231 0.9619
vn 0.0122 0.0234 0.9997
vn -0.2310 0.0327 0.9724
vn -0.1735 -0.0000 0.9848
vn 0.1362 -0.0905 0.9865
vn 0.2530 -0.1375 0.9577
vn 0.2157 -0.1123 0.9700
vn 0.2142 0.0328 0.9762
vn 0.1285 0.1487 0.9805
vn -0.0084 0.1926 0.9812
vn -0.1453 0.1486 0.9782
vn -0.2947 0.5497 0.7817
vn -0.0371 0.0888 0.9954
vn -0.5254 0.1132 0.8433
vn -0.0647 0.2753 0.9592
vn 0.0489 0.3666 0.9291
vn 0.0204 0.0345 0.9992
vn -0.2565 -0.0686 0.9641
vn -0.3902 -0.3636 0.8459
vn -0.1249 -0.4721 0.8726
vn 0.2298 -0.4247 0.8757
vn -0.1947 -0.0509 0.9795
vn -0.5996 -0.0628 0.7979
vn -0.8250 -0.0606 0.5618
vn -0.5900 -0.7249 0.3557
vn -0.8335 0.4784 0.2764
vn -0.1434 -0.1930 0.9707
vn 0.2608 -0.3369 -0.9047
vn -0.4214 0.7793 0.4638
vn -0.6260 0.7109 -0.3206
vn -0.0481 0.6703 -0.7405
vn -0.0102 0.9993 0.0367
vn 0.9495 0.2995 -0.0938
vn 0.4045 -0.0050 -0.9145
vn 0.1363 -0.1050 0.9851
vn -0.3834 -0.3432 0.8574
vn -0.1300 -0.7522 0.6460
vn -0.1633 0.9798 -0.1152
vn 0.0539 -0.9169 -0.3956
vn -0.7645 -0.1428 -0.6287
vn -0.0369 -0.0247 0.9990
vn -0.5058 -0.1300 0.8528
vn 0.3425 0.9395 0.0042
vn -0.8996 -0.3907 0.1948
vn -0.5843 0.2545 -0.7706
vn -0.9904 0.1343 0.0322
vn -0.5726 0.5727 0.5866
vn 0.4091 0.4587 0.7888
vn 0.3496 0.9362 0.0359
vn -0.8395 0.0574 0.5403
vn -0.7471 0.5198 0.4143
vn 0.3113 -0.7351 0.6023
vn 0.6814 -0.6035 0.4141
vn 0.6111 0.4897 -0.6219
vn 0.6362 0.4656 0.6152
vn -0.7338 -0.2644 0.6258
vn -0.9570 0.0873 0.2766
vn -0.7892 0.0749 0.6095
vn -0.8105 -0.5838 0.0478
vn -0.8518 0.2463 -0.4624
vn -0.5045 0.7718 -0.3871
vn -0.5514 0.3378 -0.7628
vn -0.1805 0.3500 -0.9192
vn -0.3637 0.5686 -0.7379
vn -0.3049 0.3883 -0.8696
vn -0.4932 0.5542 -0.6705
vn -0.6013 0.2547 -0.7574
vn 0.6750 0.2091 -0.7075
vn 0.3216 0.4047 -0.8560
vn -0.0063 0.3366 -0.9416
vn 0.5883 0.5012 -0.6346
vn 0.5464 0.3453 -0.7630
vn 0.3487 0.5692 -0.7446
vn 0.1854 0.9163 -0.3550
vn 0.1805 0.3500 -0.9192
vn 0.0000 0.2270 -0.9739
vn 0.0000 -0.0337 -0.9994
vn 0.4006 -0.0392 -0.9154
vn 0.5461 -0.5673 -0.6165
vn 0.0000 -0.2130 -0.9771
vn -0.3415 -0.2621 -0.9026
vn 0.3415 -0.2621 -0.9026
vn 0.7128 -0.3593 -0.6024
vn 0.8997 -0.3094 0.3078
vn 0.9099 -0.2940 0.2925
vn 0.4203 -0.2420 0.8745
vn 0.9364 -0.2426 0.2534
vn 0.4072 -0.1323 0.9037
vn 0.0000 -0.1988 0.9800
vn 0.0000 -0.0931 0.9957
vn -0.4072 -0.1323 0.9037
vn -0.4203 -0.2420 0.8745
vn -0.9364 -0.2426 0.2534
vn -0.9099 -0.2940 0.2925
vn -0.7120 -0.2923 -0.6384
vn -0.7053 -0.2439 -0.6657
vn 0.5653 0.8247 -0.0193
vn 0.2908 -0.9558 -0.0428
vn 0.4116 0.2866 -0.8651
vn 0.7267 -0.6623 0.1824
vn -0.7632 0.6087 -0.2168
vn -0.9415 0.2462 0.2302
vn -0.6600 0.4669 0.5886
vn -0.1613 0.8733 0.4597
vn 0.0169 0.7581 0.6519
vn -0.0560 0.8230 0.5653
vn -0.4102 0.8071 0.4246
vn -0.3007 0.9518 -0.0607
vn -0.4375 0.8807 -0.1816
vn 0.0129 0.9300 -0.3673
vn -0.0120 0.9344 -0.3560
vn 0.3458 0.9360 -0.0656
vn 0.4386 0.8748 -0.2057
vn 0.4369 0.7922 0.4261
vn 0.1158 0.8123 0.5716
vn 0.0046 0.7225 0.6914
vn 0.2051 0.8563 0.4740
vn 0.9427 0.2528 0.2176
vn 0.7262 -0.0908 0.6814
vn 0.6589 0.4682 0.5888
vn 0.8337 0.0456 0.5503
vn 0.8256 -0.4646 0.3203
vn 0.8498 -0.2855 -0.4430
vn 0.6199 -0.7332 0.2796
vn 0.4273 -0.1085 0.8976
vn 0.9779 0.1448 0.1510
vn 0.9897 0.1366 -0.0424
vn 0.8528 -0.5204 0.0426
vn 0.7210 -0.5817 -0.3764
vn 0.6563 -0.7016 -0.2775
vn 0.8490 0.0227 -0.5279
vn 0.2285 -0.0977 -0.9686
vn 0.0139 -0.2107 -0.9775
vn 0.7600 0.6104 -0.2232
vn 0.5677 0.6482 -0.5075
vn -0.7126 0.6473 -0.2706
vn -0.7488 0.6273 -0.2140
vn 0.5526 0.5978 -0.5808
vn -0.5685 0.6729 -0.4733
vn 0.6276 0.5580 -0.5429
vn 0.9319 -0.3489 -0.0986
vn 0.8872 -0.4434 0.1277
vn 0.8630 -0.4681 0.1899
vn 0.8358 -0.5452 0.0645
vn -0.5137 0.3184 -0.7967
vn -0.7678 0.5446 -0.3373
vn 0.7058 -0.5105 -0.4911
vn -0.5241 -0.5234 0.6719
vn 0.7225 -0.6201 0.3056
vn 0.7692 -0.5687 0.2912
vn -0.5450 -0.5799 0.6056
vn 0.5518 -0.7667 0.3281
vn -0.5702 -0.6546 0.4964
vn -0.9632 0.2643 -0.0496
vn -0.8778 0.4701 -0.0922
vn -0.8425 0.5267 -0.1128
vn -0.3170 -0.6591 -0.6820
vn -0.8579 -0.2879 -0.4256
vn -0.9170 -0.3981 0.0268
vn -0.6920 -0.6961 -0.1913
vn 0.2658 -0.7339 -0.6251
vn 0.0105 -0.7735 -0.6337
vn -0.0187 -0.9822 -0.1867
vn -0.9906 0.1318 -0.0371
vn -0.8511 0.0178 -0.5247
vn -0.7307 -0.5762 -0.3661
vn -0.6697 -0.6714 -0.3174
vn -0.2110 -0.1011 -0.9722
vn 0.3801 -0.7350 -0.5615
vn 0.6694 -0.7250 -0.1621
vn 0.9155 -0.4019 -0.0174
vn 0.6038 -0.7967 0.0266
vn -0.7260 -0.0740 0.6837
vn -0.8750 -0.3550 -0.3292
vn -0.7358 -0.1665 0.6564
vn -0.6755 -0.1230 0.7270
vn 0.9013 -0.2944 -0.3178
vn 0.0008 -0.1945 -0.9809
vn 0.5467 -0.8279 0.1253
vn 0.8586 0.0915 -0.5044
vn 0.6074 -0.7748 -0.1753
vn 0.9127 0.2857 0.2923
vn 0.2777 0.2766 0.9200
vn 0.2551 0.0952 0.9622
vn 0.9271 0.1847 0.3261
vn 0.3337 -0.1831 0.9247
vn 0.9787 0.0041 0.2052
vn -0.8118 -0.4810 0.3311
vn -0.6265 -0.7793 0.0131
vn 0.1368 0.5981 0.7896
vn -0.5422 -0.5734 0.6143
vn -0.5536 -0.6029 0.5745
vn -0.8997 -0.3094 0.3078
vn -0.7128 -0.3593 -0.6024
vn -0.0996 0.9531 0.2857
vn -0.0754 0.7157 -0.6943
vn -0.3497 0.2367 0.9065
vn -0.6841 -0.5170 0.5145
vn -0.5461 -0.5673 -0.6165
vn -0.4006 -0.0392 -0.9154
vn -0.3032 0.2572 -0.9175
vn -0.3212 0.2957 -0.8996
vn -0.3581 0.3863 -0.8500
vn -0.2274 0.5944 -0.7714
vn -0.6609 0.7403 0.1236
vn 0.2069 0.5917 0.7792
vn 0.8253 -0.2698 0.4960
vn -0.2103 -0.5954 -0.7754
vn -0.5816 -0.7985 0.1553
vn 0.3674 0.2062 -0.9069
vn 0.5373 -0.8172 0.2085
vn 0.5818 0.7980 -0.1574
vn -0.4363 0.4345 0.7879
vn 0.1969 0.5835 0.7879
vn 0.2644 -0.0417 0.9635
vn -0.9646 0.2035 -0.1679
vn -0.5755 -0.8125 0.0931
vn -0.2013 -0.5857 -0.7851
vn -0.8170 0.2510 -0.5191
vn 0.1885 0.5717 0.7985
vn -0.3999 -0.2648 0.8775
vn -0.6355 0.5605 -0.5309
vn 0.0586 0.9656 0.2532
vn 0.7594 0.4894 0.4288
vn 0.3517 0.1786 -0.9189
vn -0.8866 0.4287 0.1740
vn -0.2788 0.7833 -0.5557
vn -0.5168 0.4873 -0.7039
vn -0.6913 0.6884 0.2195
vn -0.3480 0.2430 0.9054
vn -0.1354 0.5221 0.8421
vn 0.6906 0.4918 0.5303
vn 0.6922 0.0727 0.7181
vn 0.7878 0.5918 -0.1708
vn 0.9357 0.1657 -0.3115
vn 0.2990 0.3665 -0.8811
vn 0.3717 0.7266 -0.5778
vn -0.6819 -0.0290 0.7309
vn -0.7780 0.5986 -0.1908
vn -0.9507 0.1245 -0.2840
vn -0.6904 0.4810 0.5404
vn 0.3495 0.1289 0.9280
vn 0.1720 0.4989 0.8494
vn 0.7056 0.6766 0.2108
vn 0.9147 0.3365 0.2237
vn 0.2882 0.7872 -0.5451
vn 0.5129 0.5255 -0.6788
vn -0.3578 0.7336 -0.5777
vn -0.3647 0.4112 -0.8354
vn -0.8909 -0.3989 -0.2172
vn -0.1346 0.9719 -0.1929
vn -0.4654 0.8817 -0.0774
vn -0.1304 -0.2084 -0.9693
vn 0.7789 -0.1819 -0.6002
vn 0.9586 -0.2848 -0.0079
vn 0.5172 -0.5068 0.6897
vn -0.5959 -0.5038 0.6254
vn 0.3520 0.9322 -0.0841
vn 0.1875 0.9814 -0.0405
vn -0.0289 0.9295 0.3677
vn -0.7296 0.6405 0.2398
vn -0.8383 0.5211 0.1602
vn -0.1066 0.9628 0.2482
vn 0.4595 0.8861 -0.0605
vn 0.7696 0.5894 -0.2454
vn 0.7762 0.6278 0.0583
vn 0.0585 0.9839 0.1686
vn 0.5080 0.5469 0.6655
vn -0.2465 0.6141 0.7498
vn -0.6741 0.6874 0.2704
vn 0.2633 -0.6536 -0.7096
vn -0.6691 -0.7426 0.0295
vn -0.6349 -0.6177 -0.4640
vn 0.6164 -0.7317 -0.2909
vn 0.7124 -0.6985 0.0674
vn -0.6125 -0.7476 0.2568
vn 0.4637 -0.6686 0.5813
vn -0.2610 -0.6439 0.7192
vn -0.3285 0.1057 0.9386
vn -0.9238 0.0264 0.3819
vn 0.5824 0.0533 0.8111
vn 0.9910 0.0469 0.1257
vn 0.9173 0.0660 -0.3928
vn 0.2953 0.3485 -0.8896
vn 0.3863 0.0254 -0.9220
vn -0.7319 0.1059 -0.6732
vn -0.7887 0.2553 -0.5593
vn -0.9819 0.1880 0.0243
vn -0.4637 -0.6686 0.5813
vn 0.6125 -0.7476 0.2568
vn 0.2610 -0.6439 0.7192
vn -0.7124 -0.6985 0.0674
vn 0.6691 -0.7426 0.0295
vn -0.6164 -0.7317 -0.2909
vn -0.2633 -0.6536 -0.7096
vn 0.6349 -0.6177 -0.4640
vn -0.9910 0.0469 0.1257
vn -0.5824 0.0533 0.8111
vn 0.3285 0.1057 0.9386
vn 0.9238 0.0264 0.3819
vn -0.9173 0.0660 -0.3928
vn -0.3864 0.0254 -0.9220
vn 0.7319 0.1059 -0.6732
vn 0.9819 0.1880 0.0243
vn -0.7584 0.6015 -0.2510
vn -0.2895 0.3542 -0.8893
vn 0.7834 0.2663 -0.5615
vn 0.8360 0.5253 0.1586
vn 0.6741 0.6874 0.2704
vn 0.2465 0.6141 0.7498
vn -0.5080 0.5469 0.6655
vn -0.7762 0.6278 0.0583
vn -0.8340 0.5498 0.0463
vn -0.8511 -0.0703 0.5203
vn -0.8844 -0.3933 0.2512
vn -0.6419 0.5927 0.4865
vn -0.8181 0.1475 0.5558
vn -0.9019 0.3949 0.1750
vn -0.0156 0.9720 -0.2347
vn -0.0064 0.9921 -0.1249
vn 0.8984 0.4008 0.1795
vn 0.8265 0.5608 0.0490
vn 0.8749 -0.4098 0.2579
vn 0.9287 -0.3285 0.1722
vn -0.0174 -0.9849 0.1721
vn -0.0069 -0.9965 -0.0828
vn -0.9321 -0.3215 0.1665
vn -0.0066 0.4080 0.9130
vn -0.0072 -0.2590 0.9659
vn -0.0071 -0.7833 0.6216
vn 0.8511 -0.0703 0.5203
vn 0.6419 0.5927 0.4865
vn 0.8181 0.1475 0.5558
vn 0.3930 0.6988 0.5977
vn 0.7969 -0.0429 0.6026
vn 0.8544 -0.0580 0.5163
vn 0.9477 0.1212 0.2953
vn 0.9102 0.1826 0.3716
vn 0.8844 0.4049 0.2323
vn 0.2947 0.5497 0.7817
vn 0.0647 0.2754 0.9592
vn 0.6404 0.3890 -0.6622
vn -0.4552 0.1875 -0.8704
vn -0.6265 -0.0239 -0.7791
vn 0.1301 0.9459 -0.2972
vn 0.0283 0.0905 -0.9955
vn -0.8772 -0.4715 -0.0904
vn -0.7366 0.6303 -0.2453
vn -0.1874 -0.3744 -0.9081
vn -0.7224 -0.6814 -0.1175
vn -0.4335 -0.3133 -0.8450
vn 0.2996 0.2640 -0.9168
vn 0.4454 0.7113 -0.5437
vn -0.0626 0.9100 0.4098
vn 0.4499 0.7863 -0.4235
vn 0.1502 0.8294 0.5381
vn 0.2202 0.8792 -0.4225
vn -0.3830 0.8290 0.4076
vn -0.3524 0.9358 0.0062
vn -0.1961 0.9184 -0.3436
vn -0.4874 0.8370 -0.2487
vn -0.2294 0.9732 -0.0183
vn -0.2278 0.9709 0.0746
vn -0.8113 0.5743 -0.1094
vn -0.9365 0.1108 -0.3327
vn 0.0753 -0.2209 -0.9724
vn 0.9101 0.2379 -0.3393
vn 0.8798 0.3834 -0.2810
vn 0.8717 0.4871 0.0532
vn 0.6808 0.5196 0.5163
vn -0.5206 0.4750 0.7095
vn -0.7864 0.6176 0.0106
vn 0.9008 0.4089 0.1460
vn 0.3961 0.5238 0.7542
vn -0.3295 0.8564 -0.3974
vn 0.5095 0.7382 -0.4421
vn 0.2442 0.9534 0.1772
vn -0.7764 0.3902 0.4949
vn -0.9018 -0.2685 0.3387
vn 0.4495 -0.3070 -0.8389
vn 0.9888 0.1472 -0.0263
vn 0.4095 0.7172 -0.5638
vn 0.7582 0.5292 -0.3808
vn -0.5083 0.7259 -0.4633
vn 0.7694 0.3758 -0.5166
vn 0.4975 -0.5584 -0.6638
vn -0.7411 0.3976 -0.5410
vn -0.7021 -0.3092 0.6415
vn -0.5030 0.1714 0.8471
vn -0.6024 -0.1103 0.7906
vn -0.5555 0.0692 0.8286
vn -0.5844 -0.1598 0.7955
vn -0.9667 -0.2417 0.0839
vn -0.7914 -0.5748 0.2082
vn 0.7914 -0.5748 0.2082
vn 0.9667 -0.2417 0.0839
vn -0.8544 -0.0580 0.5163
vn -0.8844 0.4049 0.2323
vn 0.8472 -0.2410 0.4734
vn 0.8224 -0.1870 0.5374
vn 0.5984 -0.6600 0.4542
vn 0.3007 -0.7642 0.5706
vn -0.0017 -0.8132 0.5819
vn 0.2383 0.5878 -0.7731
vn 0.4787 -0.2506 0.8415
vn 0.0001 -0.2381 0.9712
vn -0.4787 -0.2506 0.8415
vn -0.3025 -0.7642 0.5696
vn -0.5984 -0.6600 0.4542
vn -0.8223 -0.1870 0.5374
vn -0.8472 -0.2410 0.4735
vn 0.6449 -0.6607 0.3842
vn -0.0307 -0.6868 0.7262
vn -0.3771 -0.3280 0.8662
vn -0.6566 -0.5907 -0.4691
vn -0.6476 0.5932 -0.4783
vn -0.6250 -0.5376 0.5661
vn 0.2738 -0.6647 0.6951
vn -0.4903 0.2964 0.8196
vn 0.2281 0.6808 0.6960
vn -0.6044 0.5668 0.5598
vn -0.0802 0.7406 -0.6672
vn -0.6221 0.3586 -0.6960
vn -0.1704 -0.6866 -0.7068
vn 0.6884 0.5308 0.4943
vn -0.0862 0.5690 0.8178
vn -0.1536 0.6974 -0.7000
vn -0.8769 0.4276 -0.2195
vn -0.9287 -0.1270 -0.3484
vn -0.8355 0.3650 -0.4109
vn 0.7208 -0.6928 -0.0209
vn -0.3213 -0.1267 0.9385
vn -0.5851 -0.7829 0.2115
vn 0.8724 -0.4643 -0.1530
vn 0.6491 -0.7454 -0.1517
vn 0.5552 0.6038 -0.5719
vn 0.5439 0.5749 -0.6112
vn -0.8466 -0.5314 0.0303
vn -0.9790 0.1375 0.1506
vn -0.6443 -0.7017 0.3041
vn -0.4416 -0.1117 0.8902
vn -0.8210 0.0337 0.5699
vn 0.6755 -0.1230 0.7270
vn -0.2777 0.2766 0.9200
vn 0.7261 -0.0740 0.6836
vn -0.2551 0.0952 0.9622
vn 0.7371 -0.1439 0.6603
vn -0.3372 -0.1534 0.9288
vn -0.9799 0.0091 0.1993
vn -0.8565 0.0813 -0.5097
vn -0.0036 -0.2099 -0.9777
vn 0.8738 -0.3546 -0.3329
vn 0.1359 0.9091 0.3939
vn 0.6920 0.6739 0.2589
vn 0.0466 0.9651 0.2578
vn -0.4600 0.8866 -0.0473
vn -0.0585 0.9839 0.1686
vn 0.7435 0.5975 -0.3002
vn -0.0564 0.8103 -0.5833
vn -0.2544 0.8861 0.3874
vn -0.2864 0.9564 -0.0569
vn 0.5557 0.8313 0.0070
vn 0.1113 0.9677 -0.2262
vn 0.8994 -0.4094 -0.1533
vn 0.6418 -0.5132 0.5698
vn -0.3807 -0.4844 0.7877
vn -0.9495 -0.3041 0.0779
vn -0.7449 -0.1997 -0.6366
vn 0.2157 -0.2576 -0.9419
vn 0.0629 0.8107 -0.5821
vn -0.7466 0.5984 -0.2906
vn -0.8358 -0.4594 -0.3008
vn -0.5063 -0.8586 0.0797
vn -0.6011 -0.7827 -0.1614
vn -0.9127 0.2856 0.2923
vn -0.9271 0.1846 0.3261
vn -0.7137 -0.0978 0.6936
vn -0.0006 0.5607 0.8280
vn -0.0016 -0.3421 0.9396
vn -0.0077 -0.6905 0.7233
vn -0.0104 -0.9504 0.3110
vn -0.0044 0.9427 0.3335
vn -0.0015 0.9814 -0.1920
vn 0.0000 -0.2690 -0.9631
vn 0.0000 -0.2168 -0.9762
vn 0.7120 -0.2923 -0.6384
vn 0.7053 -0.2439 -0.6657
vn -0.3073 -0.7224 -0.6194
vn -0.2996 0.2640 -0.9168
vn 0.5996 -0.0628 0.7979
vn 0.8250 -0.0606 0.5618
vn -0.2297 -0.4246 0.8757
vn 0.1249 -0.4721 0.8726
vn 0.3902 -0.3636 0.8459
vn 0.2565 -0.0686 0.9641
vn -0.0204 0.0345 0.9992
vn 0.0000 0.0762 0.9971
vn -0.0489 0.3666 0.9291
vn 0.0000 0.7226 0.6913
vn 0.0001 0.9329 0.3601
vn -0.3930 0.6988 0.5977
vn -0.7969 -0.0429 0.6026
vn -0.6321 -0.0795 0.7708
vn -0.4041 -0.0665 0.9123
vn -0.1274 -0.1913 0.9732
vn -0.0058 -0.0168 0.9998
vn -0.9477 0.1212 0.2953
vn -0.7635 0.6089 0.2150
vn -0.2286 0.8627 0.4510
vn 0.4162 0.8518 0.3182
vn -0.1978 0.9770 -0.0801
vn -0.7091 0.6998 0.0863
vn -0.9591 0.1763 0.2216
vn -0.9102 0.1826 0.3716
vn 0.7338 0.6749 -0.0780
vn 0.0800 -0.0419 0.9959
vn -0.6326 0.7519 0.1857
vn -0.7338 0.6749 -0.0780
vn 0.6326 0.7519 0.1857
vn -0.0801 -0.0419 0.9959
vn -0.2324 -0.1123 0.9661
vn -0.0294 0.0234 0.9993
vn -0.2694 -0.1374 0.9532
vn -0.1531 -0.0905 0.9841
vn 0.1565 0.0000 0.9877
vn 0.2559 0.0231 0.9664
vn 0.2142 0.0327 0.9762
vn 0.1284 0.1486 0.9805
vn -0.1452 0.1486 0.9782
vn 0.0371 0.0888 0.9954
vn -0.9765 0.2141 -0.0255
vn -0.9986 0.0046 0.0517
vn -0.9058 0.2972 -0.3020
vn -0.8831 0.4668 0.0467
vn -0.9721 -0.0032 0.2347
vn -0.6300 -0.3920 -0.6704
vn -0.7473 -0.5165 0.4181
vn -0.5142 0.4930 -0.7018
vn -0.5991 0.7820 -0.1721
vn -0.6656 0.4419 0.6015
vn 0.0307 -0.6868 0.7262
vn -0.6884 0.5308 0.4943
vn -0.6449 -0.6607 0.3841
vn 0.0862 0.5690 0.8178
vn 0.3771 -0.3279 0.8662
vn 0.4902 0.2965 0.8196
vn 0.8648 0.3951 0.3099
vn 0.8630 0.4623 -0.2037
vn 0.0476 0.9945 0.0938
vn -0.2738 -0.6647 0.6951
vn 0.8661 -0.4011 0.2982
vn 0.6250 -0.5376 0.5661
vn 0.6566 -0.5907 -0.4691
vn 0.6476 0.5932 -0.4783
vn 0.6044 0.5668 0.5598
vn -0.2282 0.6808 0.6960
vn 0.6594 -0.6836 -0.3129
vn -0.0558 -0.9773 -0.2042
vn 0.4609 -0.5833 0.6688
vn 0.0035 -0.9999 -0.0134
vn 0.4349 -0.6221 -0.6510
vn -0.1350 -0.6113 0.7798
vn -0.1008 -0.9949 0.0065
vn -0.2565 -0.6024 -0.7559
vn -0.2446 -0.4943 -0.8342
vn -0.2253 0.7943 -0.5643
vn -0.3491 0.7877 -0.5076
vn 0.0293 0.9957 -0.0881
vn -0.0890 0.9960 -0.0015
vn -0.2934 0.6613 0.6903
vn 0.3333 0.6410 0.6914
vn 0.4382 0.6807 -0.5871
vn 0.8756 0.3625 -0.3191
vn 0.5771 -0.3100 -0.7556
vn 0.6969 -0.4728 0.5393
vn 0.5488 -0.6946 0.4650
vn 0.8638 0.4523 0.2218
vn 0.5052 0.6572 0.5594
vn 0.5905 -0.5442 0.5960
vn 0.4438 -0.8631 -0.2412
vn 0.4320 -0.7433 0.5108
vn 0.8128 0.3285 0.4810
vn 0.2098 0.6581 0.7231
vn 0.1920 0.9813 -0.0147
vn 0.8800 0.3952 -0.2634
vn 0.4244 -0.8708 -0.2483
vn 0.7838 0.4807 -0.3932
vn 0.6580 0.7480 -0.0863
vn 0.0802 0.7406 -0.6672
vn 0.6221 0.3586 -0.6960
vn 0.1704 -0.6866 -0.7067
vn 0.5628 -0.2151 -0.7981
vn 0.3649 -0.4825 -0.7963
vn 0.3169 0.6969 -0.6433
vn 0.1308 0.7171 -0.6846
vn 0.8128 0.5154 0.2715
vn 0.2468 0.6621 0.7076
vn 0.8037 0.3193 0.5022
vn 0.4328 -0.6908 0.5792
vn 0.3191 -0.7525 -0.5761
vn 0.7073 0.3727 -0.6007
vn -0.2329 -0.9351 0.2672
vn -0.0165 -0.7836 -0.6211
vn 0.2129 0.5756 -0.7896
vn 0.1191 0.9914 -0.0546
vn -0.2578 0.7377 0.6240
# 904 vertex normals

vt 0.4367 0.0616 0.0000
vt 0.4129 0.0338 0.0000
vt 0.4129 0.0580 0.0000
vt 0.4367 0.0338 0.0000
vt 0.3886 0.0774 0.0000
vt 0.3886 0.0832 0.0000
vt 0.3886 0.0057 0.0000
vt 0.3128 0.0832 0.0000
vt 0.3128 0.0774 0.0000
vt 0.3128 0.0057 0.0000
vt 0.3453 0.0483 0.0000
vt 0.3453 0.0363 0.0000
vt 0.3577 0.0363 0.0000
vt 0.3577 0.0483 0.0000
vt 0.4367 0.0914 0.0000
vt 0.4129 0.1083 0.0000
vt 0.4367 0.1119 0.0000
vt 0.4129 0.0877 0.0000
vt 0.4367 0.2494 0.0000
vt 0.4708 0.2143 0.0000
vt 0.4367 0.2257 0.0000
vt 0.4747 0.2416 0.0000
vt 0.5030 0.2403 0.0000
vt 0.5087 0.1922 0.0000
vt 0.4722 0.1516 0.0000
vt 0.5081 0.1556 0.0000
vt 0.4738 0.1253 0.0000
vt 0.5107 0.1311 0.0000
vt 0.5489 0.1580 0.0000
vt 0.5539 0.1324 0.0000
vt 0.5635 0.0754 0.0000
vt 0.5725 0.1357 0.0000
vt 0.5920 0.0749 0.0000
vt 0.5718 0.1551 0.0000
vt 0.5703 0.1853 0.0000
vt 0.5453 0.1872 0.0000
vt 0.5550 0.2198 0.0000
vt 0.5854 0.2128 0.0000
vt 0.5885 0.2465 0.0000
vt 0.6008 0.2309 0.0000
vt 0.4367 0.2801 0.0000
vt 0.4814 0.2710 0.0000
vt 0.4882 0.0729 0.0000
vt 0.4966 0.0373 0.0000
vt 0.5261 0.0479 0.0000
vt 0.5161 0.0785 0.0000
vt 0.4367 0.1230 0.0000
vt 0.4367 0.0683 0.0000
vt 0.4129 0.0958 0.0000
vt 0.4129 0.1234 0.0000
vt 0.4129 0.1512 0.0000
vt 0.4367 0.1514 0.0000
vt 0.4129 0.1853 0.0000
vt 0.4367 0.2191 0.0000
vt 0.8349 0.9368 0.0000
vt 0.7414 0.8858 0.0000
vt 0.7378 0.9381 0.0000
vt 0.8333 0.8864 0.0000
vt 0.7469 0.8598 0.0000
vt 0.8382 0.8632 0.0000
vt 0.7524 0.8338 0.0000
vt 0.8431 0.8399 0.0000
vt 0.8591 0.8639 0.0000
vt 0.8587 0.8423 0.0000
vt 0.8915 0.8353 0.0000
vt 0.8918 0.8600 0.0000
vt 0.9802 0.8421 0.0000
vt 0.9804 0.8642 0.0000
vt 0.8921 0.8847 0.0000
vt 0.9805 0.8863 0.0000
vt 0.8917 0.9299 0.0000
vt 0.9890 0.9329 0.0000
vt 0.9912 0.9853 0.0000
vt 0.8863 0.9853 0.0000
vt 0.8590 0.9320 0.0000
vt 0.8574 0.9853 0.0000
vt 0.8410 0.9853 0.0000
vt 0.7432 0.9853 0.0000
vt 0.7035 0.9853 0.0000
vt 0.6844 0.9413 0.0000
vt 0.6896 0.8869 0.0000
vt 0.6979 0.8594 0.0000
vt 0.7062 0.8318 0.0000
vt 0.1896 0.7247 0.0000
vt 0.1696 0.7286 0.0000
vt 0.1756 0.7762 0.0000
vt 0.1422 0.6509 0.0000
vt 0.1434 0.6441 0.0000
vt 0.1209 0.6043 0.0000
vt 0.1387 0.5714 0.0000
vt 0.1136 0.5215 0.0000
vt 0.0936 0.5748 0.0000
vt 0.0520 0.5590 0.0000
vt 0.0122 0.5108 0.0000
vt 0.0094 0.5578 0.0000
vt 0.1882 0.7855 0.0000
vt 0.1814 0.8063 0.0000
vt 0.1590 0.8042 0.0000
vt 0.1479 0.8987 0.0000
vt 0.1096 0.8884 0.0000
vt 0.0885 0.9463 0.0000
vt 0.0817 0.9454 0.0000
vt 0.0552 0.9767 0.0000
vt 0.0770 0.9257 0.0000
vt 0.0924 0.8809 0.0000
vt 0.0889 0.8785 0.0000
vt 0.0824 0.8307 0.0000
vt 0.1409 0.9480 0.0000
vt 0.1238 0.9598 0.0000
vt 0.1831 0.9358 0.0000
vt 0.1505 0.9330 0.0000
vt 0.1857 0.9136 0.0000
vt 0.1631 0.9056 0.0000
vt 0.1788 0.8973 0.0000
vt 0.1667 0.8903 0.0000
vt 0.1823 0.8735 0.0000
vt 0.1735 0.8618 0.0000
vt 0.1951 0.8478 0.0000
vt 0.1791 0.8373 0.0000
vt 0.2224 0.8147 0.0000
vt 0.2386 0.7732 0.0000
vt 0.2066 0.7199 0.0000
vt 0.1825 0.6971 0.0000
vt 0.1604 0.6398 0.0000
vt 0.1965 0.5537 0.0000
vt 0.1862 0.6725 0.0000
vt 0.2145 0.7033 0.0000
vt 0.2462 0.7314 0.0000
vt 0.3272 0.7233 0.0000
vt 0.2899 0.6613 0.0000
vt 0.3321 0.6692 0.0000
vt 0.2696 0.7117 0.0000
vt 0.2588 0.6975 0.0000
vt 0.6442 0.6492 0.0000
vt 0.2917 0.0036 0.0000
vt 0.2057 0.0717 0.0000
vt 0.2057 0.0036 0.0000
vt 0.2917 0.0717 0.0000
vt 0.4826 0.4645 0.0000
vt 0.4397 0.4482 0.0000
vt 0.4336 0.4860 0.0000
vt 0.4789 0.4470 0.0000
vt 0.5752 0.4793 0.0000
vt 0.5694 0.4853 0.0000
vt 0.6213 0.5059 0.0000
vt 0.6421 0.5079 0.0000
vt 0.5722 0.5498 0.0000
vt 0.5636 0.5423 0.0000
vt 0.4826 0.5757 0.0000
vt 0.4270 0.5661 0.0000
vt 0.4223 0.5822 0.0000
vt 0.4855 0.5835 0.0000
vt 0.8594 0.8855 0.0000
vt 0.9208 0.2511 0.0000
vt 0.0211 0.3756 0.0000
vt 0.0599 0.3756 0.0000
vt 0.0602 0.3756 0.0000
vt 0.0170 0.3756 0.0000
vt 0.0593 0.3756 0.0000
vt 0.0222 0.3756 0.0000
vt 0.0582 0.3756 0.0000
vt 0.0135 0.3756 0.0000
vt 0.0417 0.3756 0.0000
vt 0.0009 0.3756 0.0000
vt 0.6434 0.6567 0.0000
vt 0.0652 0.9816 0.0000
vt 0.0815 0.9950 0.0000
vt 0.0189 0.9952 0.0000
vt 0.0932 0.9848 0.0000
vt 0.1545 0.9952 0.0000
vt 0.0269 0.9702 0.0000
vt 0.0043 0.9162 0.0000
vt 0.0041 0.9950 0.0000
vt 0.0332 0.9317 0.0000
vt 0.0510 0.9368 0.0000
vt 0.5403 0.3821 0.0000
vt 0.6073 0.4026 0.0000
vt 0.5403 0.4259 0.0000
vt 0.5659 0.3457 0.0000
vt 0.6073 0.3321 0.0000
vt 0.6487 0.3467 0.0000
vt 0.6743 0.3821 0.0000
vt 0.6743 0.4259 0.0000
vt 0.6487 0.4613 0.0000
vt 0.6073 0.4748 0.0000
vt 0.5659 0.4613 0.0000
vt 0.0520 0.6163 0.0000
vt 0.0953 0.6730 0.0000
vt 0.0145 0.6310 0.0000
vt 0.0853 0.6201 0.0000
vt 0.1180 0.6299 0.0000
vt 0.1401 0.6646 0.0000
vt 0.1355 0.7095 0.0000
vt 0.1160 0.7453 0.0000
vt 0.0651 0.7546 0.0000
vt 0.0225 0.7366 0.0000
vt 0.0019 0.6804 0.0000
vt 0.5675 0.7275 0.0000
vt 0.5747 0.7482 0.0000
vt 0.4932 0.7084 0.0000
vt 0.6075 0.7226 0.0000
vt 0.5893 0.6975 0.0000
vt 0.5289 0.6674 0.0000
vt 0.5057 0.5935 0.0000
vt 0.5903 0.5687 0.0000
vt 0.5714 0.5684 0.0000
vt 0.5914 0.5837 0.0000
vt 0.6334 0.5220 0.0000
vt 0.2752 0.7951 0.0000
vt 0.2271 0.8826 0.0000
vt 0.2473 0.8961 0.0000
vt 0.3153 0.8072 0.0000
vt 0.2763 0.9133 0.0000
vt 0.3618 0.8130 0.0000
vt 0.4074 0.7300 0.0000
vt 0.1773 0.9540 0.0000
vt 0.4095 0.6690 0.0000
vt 0.4108 0.6033 0.0000
vt 0.3272 0.5857 0.0000
vt 0.2596 0.5611 0.0000
vt 0.4042 0.4879 0.0000
vt 0.3591 0.4785 0.0000
vt 0.3596 0.4767 0.0000
vt 0.2849 0.4813 0.0000
vt 0.1837 0.4816 0.0000
vt 0.1776 0.3528 0.0000
vt 0.1201 0.3429 0.0000
vt 0.1764 0.2125 0.0000
vt 0.1135 0.1892 0.0000
vt 0.0208 0.3429 0.0000
vt 0.0264 0.1810 0.0000
vt 0.2841 0.3511 0.0000
vt 0.2923 0.2267 0.0000
vt 0.8551 0.2222 0.0000
vt 0.8400 0.3466 0.0000
vt 0.6252 0.9247 0.0000
vt 0.8393 0.3401 0.0000
vt 0.7986 0.2901 0.0000
vt 0.7510 0.3023 0.0000
vt 0.7684 0.2581 0.0000
vt 0.7879 0.3214 0.0000
vt 0.7333 0.3440 0.0000
vt 0.7674 0.3749 0.0000
vt 0.8305 0.4120 0.0000
vt 0.8305 0.3717 0.0000
vt 0.9189 0.4323 0.0000
vt 0.9133 0.3584 0.0000
vt 0.8305 0.3394 0.0000
vt 0.9096 0.3142 0.0000
vt 0.9694 0.2546 0.0000
vt 0.9512 0.3528 0.0000
vt 0.9890 0.3471 0.0000
vt 0.9890 0.4467 0.0000
vt 0.9084 0.3140 0.0000
vt 0.9000 0.2314 0.0000
vt 0.8545 0.2287 0.0000
vt 0.8335 0.2302 0.0000
vt 0.6160 0.9261 0.0000
vt 0.9825 0.2558 0.0000
vt 0.9890 0.2576 0.0000
vt 0.9890 0.2241 0.0000
vt 0.9132 0.3584 0.0000
vt 0.9696 0.2546 0.0000
vt 0.9095 0.3142 0.0000
vt 0.9511 0.3528 0.0000
vt 0.9187 0.4323 0.0000
vt 0.9813 0.2241 0.0000
vt 0.7382 0.2260 0.0000
vt 0.9801 0.6724 0.0000
vt 0.9465 0.6766 0.0000
vt 0.9821 0.6914 0.0000
vt 0.9775 0.6517 0.0000
vt 0.9693 0.5113 0.0000
vt 0.9503 0.4868 0.0000
vt 0.8950 0.6800 0.0000
vt 0.8904 0.4885 0.0000
vt 0.8428 0.6873 0.0000
vt 0.8429 0.4256 0.0000
vt 0.8215 0.6581 0.0000
vt 0.7990 0.4581 0.0000
vt 0.7738 0.6351 0.0000
vt 0.7681 0.6764 0.0000
vt 0.8157 0.6902 0.0000
vt 0.7583 0.7207 0.0000
vt 0.8120 0.7224 0.0000
vt 0.8498 0.2240 0.0000
vt 0.8994 0.2301 0.0000
vt 0.8710 0.2290 0.0000
vt 0.8481 0.2275 0.0000
vt 0.6667 0.1480 0.0000
vt 0.6787 0.1802 0.0000
vt 0.6667 0.1802 0.0000
vt 0.6787 0.1442 0.0000
vt 0.6667 0.1088 0.0000
vt 0.6787 0.1088 0.0000
vt 0.6787 0.0926 0.0000
vt 0.6667 0.0922 0.0000
vt 0.6787 0.0586 0.0000
vt 0.6667 0.0586 0.0000
vt 0.6667 0.0293 0.0000
vt 0.6787 0.0293 0.0000
vt 0.6667 0.0121 0.0000
vt 0.6787 0.0121 0.0000
vt 0.6663 0.1461 0.0000
vt 0.6789 0.1802 0.0000
vt 0.6663 0.1802 0.0000
vt 0.6789 0.1455 0.0000
vt 0.6663 0.1088 0.0000
vt 0.6789 0.1088 0.0000
vt 0.6789 0.0939 0.0000
vt 0.6663 0.0901 0.0000
vt 0.6789 0.0586 0.0000
vt 0.6663 0.0586 0.0000
vt 0.6789 0.0331 0.0000
vt 0.6663 0.0331 0.0000
vt 0.6663 0.0121 0.0000
vt 0.6789 0.0121 0.0000
vt 0.6547 0.0121 0.0000
vt 0.6034 0.0331 0.0000
vt 0.6034 0.0121 0.0000
vt 0.6547 0.0331 0.0000
vt 0.6547 0.0586 0.0000
vt 0.6547 0.0798 0.0000
vt 0.6547 0.1088 0.0000
vt 0.6547 0.1500 0.0000
vt 0.6547 0.1802 0.0000
vt 0.6034 0.1802 0.0000
vt 0.6034 0.1087 0.0000
vt 0.6034 0.0628 0.0000
vt 0.8797 0.1063 0.0000
vt 0.9240 0.0391 0.0000
vt 0.8713 0.0283 0.0000
vt 0.9184 0.0922 0.0000
vt 0.9286 0.1494 0.0000
vt 0.8682 0.1785 0.0000
vt 0.7420 0.1782 0.0000
vt 0.7543 0.0972 0.0000
vt 0.6915 0.1279 0.0000
vt 0.7021 0.0365 0.0000
vt 0.7438 0.0128 0.0000
vt 0.4844 0.4389 0.0000
vt 0.4104 0.3896 0.0000
vt 0.4395 0.4355 0.0000
vt 0.5261 0.3890 0.0000
vt 0.5376 0.3264 0.0000
vt 0.4231 0.3270 0.0000
vt 0.5067 0.2968 0.0000
vt 0.4373 0.2973 0.0000
vt 0.6227 0.9222 0.0000
vt 0.6227 0.7740 0.0000
vt 0.6227 0.8423 0.0000
vt 0.5247 0.9381 0.0000
vt 0.6301 0.9974 0.0000
vt 0.6301 0.9381 0.0000
vt 0.5190 0.9974 0.0000
vt 0.4000 0.9381 0.0000
vt 0.4019 0.9974 0.0000
vt 0.3177 0.9381 0.0000
vt 0.3296 0.9974 0.0000
vt 0.6302 0.9975 0.0000
vt 0.6302 0.9382 0.0000
vt 0.0041 0.7581 0.0000
vt 0.0207 0.7423 0.0000
vt 0.0041 0.7397 0.0000
vt 0.0180 0.7597 0.0000
vt 0.0681 0.7869 0.0000
vt 0.6451 0.6508 0.0000
vt 0.0593 0.8024 0.0000
vt 0.0877 0.8245 0.0000
vt 0.0960 0.8092 0.0000
vt 0.0980 0.8846 0.0000
vt 0.1155 0.8373 0.0000
vt 0.1336 0.8135 0.0000
vt 0.0589 0.8165 0.0000
vt 0.0411 0.8202 0.0000
vt 0.4888 0.8468 0.0000
vt 0.4325 0.8924 0.0000
vt 0.4553 0.8769 0.0000
vt 0.4463 0.8841 0.0000
vt 0.2057 0.8759 0.0000
vt 0.4595 0.7704 0.0000
vt 0.3967 0.8126 0.0000
vt 0.4338 0.7568 0.0000
vt 0.4159 0.8281 0.0000
vt 0.3268 0.8754 0.0000
vt 0.3364 0.9196 0.0000
vt 0.2519 0.9497 0.0000
vt 0.4597 0.7130 0.0000
vt 0.4409 0.7119 0.0000
vt 0.4463 0.6066 0.0000
vt 0.4258 0.6437 0.0000
vt 0.4163 0.6144 0.0000
vt 0.4956 0.7562 0.0000
vt 0.5359 0.8195 0.0000
vt 0.5176 0.8222 0.0000
vt 0.3889 0.9145 0.0000
vt 0.4250 0.8710 0.0000
vt 0.4712 0.9256 0.0000
vt 0.4860 0.7478 0.0000
vt 0.5849 0.9010 0.0000
vt 0.0001 0.3756 0.0000
vt 0.0604 0.3756 0.0000
vt 0.1137 0.3756 0.0000
vt 0.0548 0.3756 0.0000
vt 0.0024 0.3756 0.0000
vt 0.0021 0.3756 0.0000
vt 0.0016 0.3756 0.0000
vt 0.0014 0.3756 0.0000
vt 0.0013 0.3756 0.0000
vt 0.0580 0.3756 0.0000
vt 0.0786 0.3756 0.0000
vt 0.1120 0.3756 0.0000
vt 0.1186 0.4322 0.0000
vt 0.0157 0.4322 0.0000
vt 0.6476 0.9853 0.0000
vt 0.6469 0.9461 0.0000
vt 0.6468 0.9298 0.0000
vt 0.6476 0.8849 0.0000
vt 0.6476 0.8526 0.0000
vt 0.6476 0.8202 0.0000
vt 0.6476 0.7806 0.0000
vt 0.7039 0.7806 0.0000
vt 0.7479 0.7806 0.0000
vt 0.8408 0.7806 0.0000
vt 0.8556 0.7806 0.0000
vt 0.8889 0.7806 0.0000
vt 0.9855 0.7806 0.0000
vt 0.4353 0.1283 0.0000
vt 0.4119 0.1283 0.0000
vt 0.5647 0.0482 0.0000
vt 0.5418 0.0186 0.0000
vt 0.5113 0.0344 0.0000
vt 0.5012 0.0227 0.0000
vt 0.5312 0.0069 0.0000
vt 0.3580 0.0344 0.0000
vt 0.3865 0.0788 0.0000
vt 0.3865 0.0071 0.0000
vt 0.3587 0.0475 0.0000
vt 0.3443 0.0344 0.0000
vt 0.3178 0.0071 0.0000
vt 0.3125 0.0071 0.0000
vt 0.3127 0.0788 0.0000
vt 0.3211 0.0788 0.0000
vt 0.3447 0.0476 0.0000
vt 0.5035 0.2399 0.0000
vt 0.4129 0.2801 0.0000
vt 0.4129 0.2494 0.0000
vt 0.4129 0.2257 0.0000
vt 0.4129 0.2195 0.0000
vt 0.4129 0.0681 0.0000
vt 0.5529 0.2388 0.0000
vt 0.5281 0.2735 0.0000
vt 0.5009 0.2569 0.0000
vt 0.4890 0.2733 0.0000
vt 0.5163 0.2906 0.0000
vt 0.5328 0.3051 0.0000
vt 0.5493 0.2937 0.0000
vt 0.5787 0.2616 0.0000
vt 0.8888 0.2307 0.0000
vt 0.7042 0.4835 0.0000
vt 0.7129 0.6283 0.0000
vt 0.7032 0.6535 0.0000
vt 0.6941 0.6913 0.0000
vt 0.7110 0.7499 0.0000
vt 0.7711 0.7743 0.0000
vt 0.8092 0.7487 0.0000
vt 0.8602 0.7477 0.0000
vt 0.8946 0.7415 0.0000
vt 0.9232 0.7412 0.0000
vt 0.9813 0.7410 0.0000
vt 0.6227 0.8178 0.0000
vt 0.6232 0.7868 0.0000
vt 0.6546 0.0586 0.0000
vt 0.6546 0.0875 0.0000
vt 0.6546 0.1087 0.0000
vt 0.6546 0.1545 0.0000
vt 0.6545 0.1802 0.0000
vt 0.6029 0.1802 0.0000
vt 0.6029 0.1087 0.0000
vt 0.6029 0.0586 0.0000
vt 0.6029 0.0293 0.0000
vt 0.6546 0.0293 0.0000
vt 0.6545 0.0121 0.0000
vt 0.6029 0.0121 0.0000
vt 0.7230 0.3358 0.0000
vt 0.7227 0.2886 0.0000
vt 0.7269 0.2572 0.0000
vt 0.7312 0.2259 0.0000
vt 0.7188 0.3382 0.0000
vt 0.7287 0.3508 0.0000
vt 0.7169 0.3419 0.0000
vt 0.7317 0.3483 0.0000
vt 0.7230 0.3364 0.0000
vt 0.7330 0.3440 0.0000
vt 0.3965 0.3523 0.0000
vt 0.3980 0.2239 0.0000
vt 0.3004 0.1023 0.0000
vt 0.1753 0.0722 0.0000
vt 0.1069 0.0355 0.0000
vt 0.0320 0.0192 0.0000
vt 0.3927 0.0954 0.0000
vt 0.9824 0.2558 0.0000
vt 0.9812 0.2241 0.0000
vt 0.0713 0.9146 0.0000
vt 0.0516 0.9177 0.0000
vt 0.0365 0.9123 0.0000
vt 0.0249 0.8997 0.0000
vt 0.0130 0.8632 0.0000
vt 0.0041 0.8612 0.0000
vt 0.0250 0.8297 0.0000
vt 0.0041 0.8225 0.0000
vt 0.0041 0.7823 0.0000
vt 0.0041 0.7682 0.0000
vt 0.5659 0.3467 0.0000
vt 0.6487 0.3457 0.0000
# 515 texture coords

g Naked
usemtl Material__25
s 1
f 1/1/1 2/2/2 3/3/3 
f 2/2/2 1/1/1 4/4/4 
f 5/5/5 6/6/6 3/7/3 
f 6/6/6 5/5/5 7/8/7 
f 8/9/8 7/8/7 5/5/5 
f 7/8/7 8/9/8 2/10/2 
f 9/11/9 2/10/2 8/9/8 
f 10/12/10 2/10/2 9/11/9 
f 2/10/2 10/12/10 3/7/3 
f 3/7/3 10/12/10 11/13/11 
f 9/11/9 11/13/11 10/12/10 
f 11/13/11 9/11/9 12/14/12 
f 8/9/8 12/14/12 9/11/9 
f 5/5/5 12/14/12 8/9/8 
f 3/7/3 12/14/12 5/5/5 
f 12/14/12 3/7/3 11/13/11 
f 13/15/13 14/16/14 15/17/15 
f 14/16/14 13/15/13 16/18/16 
f 17/19/17 18/20/18 19/21/19 
f 20/22/20 18/20/18 17/19/17 
f 21/23/21 18/20/18 20/22/20 
f 22/24/22 18/20/18 21/23/21 
f 18/20/18 22/24/22 23/25/23 
f 24/26/24 23/25/23 22/24/22 
f 23/25/23 24/26/24 25/27/25 
f 25/27/25 24/26/24 26/28/26 
f 27/29/27 26/28/26 24/26/24 
f 26/28/26 27/29/27 28/30/28 
f 29/31/29 30/32/30 31/33/31 
f 28/30/28 30/32/30 29/31/29 
f 30/32/30 28/30/28 32/34/32 
f 27/29/27 32/34/32 28/30/28 
f 32/34/32 27/29/27 33/35/33 
f 34/36/34 33/35/33 27/29/27 
f 35/37/35 33/35/33 34/36/34 
f 33/35/33 35/37/35 36/38/36 
f 29/39/29 36/38/36 35/37/35 
f 36/38/36 29/39/29 31/40/31 
f 37/41/37 38/22/38 39/19/39 
f 38/22/38 37/41/37 21/42/21 
f 40/16/40 37/15/37 39/18/39 
f 37/15/37 40/16/40 41/17/41 
f 6/17/6 1/18/1 3/16/3 
f 1/18/1 6/17/6 19/15/19 
f 42/43/42 4/4/4 1/1/1 
f 4/4/4 42/43/42 43/44/43 
f 43/44/43 42/43/42 38/45/38 
f 44/46/44 38/45/38 42/43/42 
f 38/45/38 44/46/44 29/31/29 
f 29/31/29 44/46/44 28/30/28 
f 28/30/28 44/46/44 26/28/26 
f 42/43/42 26/28/26 44/46/44 
f 26/28/26 42/43/42 25/27/25 
f 25/27/25 42/43/42 45/47/45 
f 13/48/13 45/47/45 42/43/42 
f 46/49/46 45/47/45 13/48/13 
f 47/50/47 45/47/45 46/49/46 
f 48/51/48 45/47/45 47/50/47 
f 45/47/45 48/51/48 49/52/49 
f 50/53/50 49/52/49 48/51/48 
f 16/54/16 49/52/49 50/53/50 
f 18/20/18 49/52/49 16/54/16 
f 23/25/23 49/52/49 18/20/18 
f 25/27/25 49/52/49 23/25/23 
f 49/52/49 25/27/25 45/47/45 
f 42/42/42 16/19/16 13/41/13 
f 16/19/16 42/42/42 18/22/18 
f 19/41/19 42/22/42 1/19/1 
f 42/22/42 19/41/19 18/42/18 
f 51/13/51 52/12/52 53/14/53 
f 46/7/46 52/12/52 51/13/51 
f 15/10/15 52/12/52 46/7/46 
f 52/12/52 15/10/15 54/11/54 
f 55/9/55 54/11/54 15/10/15 
f 56/5/56 54/11/54 55/9/55 
f 53/14/53 54/11/54 56/5/56 
f 54/11/54 53/14/53 52/12/52 
f 57/55/57 58/56/58 59/57/59 
f 60/58/60 58/56/58 57/55/57 
f 58/56/58 60/58/60 61/59/61 
f 62/60/62 61/59/61 60/58/60 
f 61/59/61 62/60/62 63/61/63 
f 63/61/63 62/60/62 64/62/64 
f 65/63/65 64/62/64 62/60/62 
f 64/62/64 65/63/65 66/64/66 
f 66/64/66 65/63/65 67/65/67 
f 68/66/68 67/65/67 65/63/65 
f 67/65/67 68/66/68 69/67/69 
f 69/67/69 68/66/68 70/68/70 
f 71/69/71 70/68/70 68/66/68 
f 70/68/70 71/69/71 72/70/72 
f 73/71/73 72/70/72 71/69/71 
f 72/70/72 73/71/73 74/72/74 
f 74/72/74 73/71/73 75/73/75 
f 75/73/75 73/71/73 76/74/76 
f 77/75/77 76/74/76 73/71/73 
f 76/74/76 77/75/77 78/76/78 
f 78/76/78 77/75/77 79/77/79 
f 57/55/57 79/77/79 77/75/77 
f 79/77/79 57/55/57 80/78/80 
f 59/57/59 80/78/80 57/55/57 
f 80/78/80 59/57/59 81/79/81 
f 81/79/81 59/57/59 82/80/82 
f 58/56/58 82/80/82 59/57/59 
f 82/80/82 58/56/58 83/81/83 
f 61/59/61 83/81/83 58/56/58 
f 83/81/83 61/59/61 84/82/84 
f 63/61/63 84/82/84 61/59/61 
f 84/82/84 63/61/63 85/83/85 
f 86/84/86 87/85/87 88/86/88 
f 87/85/87 86/84/86 89/87/89 
f 90/88/90 89/87/89 86/84/86 
f 89/87/89 90/88/90 91/89/91 
f 92/90/92 91/89/91 90/88/90 
f 93/91/93 91/89/91 92/90/92 
f 91/89/91 93/91/93 94/92/94 
f 94/92/94 93/91/93 95/93/95 
f 96/94/96 95/93/95 93/91/93 
f 95/93/95 96/94/96 97/95/97 
f 97/95/97 96/94/96 98/93/98 
f 99/91/99 98/93/98 96/94/96 
f 98/93/98 99/91/99 100/92/100 
f 100/92/100 99/91/99 101/89/101 
f 102/90/102 101/89/101 99/91/99 
f 103/88/103 101/89/101 102/90/102 
f 101/89/101 103/88/103 104/87/104 
f 105/84/105 104/87/104 103/88/103 
f 104/87/104 105/84/105 106/85/106 
f 106/85/106 105/84/105 107/86/107 
f 108/96/108 107/86/107 105/84/105 
f 109/97/109 107/86/107 108/96/108 
f 107/86/107 109/97/109 110/98/110 
f 111/99/111 110/98/110 109/97/109 
f 110/98/110 111/99/111 112/100/112 
f 113/101/113 112/100/112 111/99/111 
f 112/100/112 113/101/113 114/102/114 
f 115/103/115 114/102/114 113/101/113 
f 116/104/116 114/102/114 115/103/115 
f 114/102/114 116/104/116 117/105/117 
f 118/106/118 117/105/117 116/104/116 
f 117/105/117 118/106/118 119/107/119 
f 120/108/120 113/101/113 111/99/111 
f 113/101/113 120/108/120 121/109/121 
f 121/109/121 120/108/120 122/110/122 
f 123/111/123 122/110/122 120/108/120 
f 122/110/122 123/111/123 124/112/124 
f 125/113/125 124/112/124 123/111/123 
f 124/112/124 125/113/125 126/114/126 
f 127/115/127 126/114/126 125/113/125 
f 126/114/126 127/115/127 128/116/128 
f 129/117/129 128/116/128 127/115/127 
f 128/116/128 129/117/129 130/118/130 
f 131/119/131 130/118/130 129/117/129 
f 130/118/130 131/119/131 132/120/132 
f 108/96/108 132/120/132 131/119/131 
f 132/120/132 108/96/108 133/121/133 
f 105/84/105 133/121/133 108/96/108 
f 133/121/133 105/84/105 134/122/134 
f 134/122/134 105/84/105 135/123/135 
f 103/88/103 135/123/135 105/84/105 
f 135/123/135 103/88/103 136/124/136 
f 102/90/102 136/124/136 103/88/103 
f 137/125/137 136/124/136 102/90/102 
f 138/126/138 136/124/136 137/125/137 
f 136/124/136 138/126/138 135/123/135 
f 139/127/139 135/123/135 138/126/138 
f 135/123/135 139/127/139 134/122/134 
f 140/128/140 134/122/134 139/127/139 
f 134/122/134 140/128/140 133/121/133 
f 141/129/141 142/130/142 143/131/143 
f 144/132/144 142/130/142 141/129/141 
f 142/130/142 144/132/144 145/133/145 
f 140/128/140 145/133/145 144/132/144 
f 145/133/145 140/128/140 139/127/139 
f 146/134/146 147/134/147 148/134/148 
f 147/134/147 146/134/146 149/134/149 
f 150/135/150 151/136/151 152/137/152 
f 151/136/151 150/135/150 153/138/153 
f 154/139/154 120/140/120 111/141/111 
f 120/140/120 154/139/154 123/142/123 
f 123/142/123 154/139/154 125/143/125 
f 155/144/155 125/143/125 154/139/154 
f 156/145/156 125/143/125 155/144/155 
f 125/143/125 156/145/156 127/146/127 
f 127/146/127 156/145/156 129/147/129 
f 129/147/129 156/145/156 157/148/157 
f 155/144/155 157/148/157 156/145/156 
f 154/139/154 157/148/157 155/144/155 
f 157/148/157 154/139/154 158/149/158 
f 111/141/111 158/149/158 154/139/154 
f 109/150/109 158/149/158 111/141/111 
f 108/151/108 158/149/158 109/150/109 
f 131/152/131 158/149/158 108/151/108 
f 129/147/129 158/149/158 131/152/131 
f 158/149/158 129/147/129 157/148/157 
f 159/59/159 160/58/160 161/56/161 
f 160/58/160 159/59/159 162/60/162 
f 163/153/163 162/60/162 164/63/164 
f 162/60/162 163/153/163 160/58/160 
f 165/75/165 160/58/160 163/153/163 
f 166/55/166 160/58/160 165/75/165 
f 160/58/160 166/55/166 161/56/161 
f 167/57/167 161/56/161 166/55/166 
f 161/56/161 167/57/167 168/80/168 
f 168/80/168 167/57/167 169/79/169 
f 169/79/169 167/57/167 170/78/170 
f 166/55/166 170/78/170 167/57/167 
f 170/78/170 166/55/166 171/77/171 
f 165/75/165 171/77/171 166/55/166 
f 171/77/171 165/75/165 172/76/172 
f 172/76/172 165/75/165 173/74/173 
f 173/74/173 165/75/165 174/71/174 
f 163/153/163 174/71/174 165/75/165 
f 174/71/174 163/153/163 175/69/175 
f 175/69/175 163/153/163 176/66/176 
f 164/63/164 176/66/176 163/153/163 
f 176/66/176 164/63/164 177/65/177 
f 177/65/177 164/63/164 178/64/178 
f 178/64/178 164/63/164 179/62/179 
f 162/60/162 179/62/179 164/63/164 
f 179/62/179 162/60/162 180/61/180 
f 159/59/159 180/61/180 162/60/162 
f 181/82/181 180/61/180 159/59/159 
f 180/61/180 181/82/181 182/83/182 
f 148/136/148 183/135/183 184/138/184 
f 183/135/183 148/136/148 147/137/147 
f 152/135/152 185/136/185 186/137/186 
f 185/136/185 152/135/152 151/138/151 
f 187/138/187 188/137/188 189/135/189 
f 188/137/188 187/138/187 190/136/190 
f 184/136/184 188/135/188 190/138/190 
f 188/135/188 184/136/184 183/137/183 
f 186/135/186 191/136/191 192/137/192 
f 191/136/191 186/135/186 185/138/185 
f 192/135/192 193/136/193 194/137/194 
f 193/136/193 192/135/192 191/138/191 
f 195/135/195 193/136/193 196/138/196 
f 193/136/193 195/135/195 194/137/194 
f 197/154/197 198/154/198 199/154/199 
f 200/154/200 198/154/198 197/154/197 
f 198/154/198 200/154/200 201/154/201 
f 201/154/201 200/154/200 202/154/202 
f 197/154/197 202/154/202 200/154/200 
f 202/154/202 197/154/197 203/154/203 
f 204/154/204 203/154/203 197/154/197 
f 203/154/203 204/154/204 205/154/205 
f 205/154/205 204/154/204 206/154/206 
f 207/154/207 206/154/206 204/154/204 
f 206/154/206 207/154/207 208/154/208 
f 208/154/208 207/154/207 209/154/209 
f 209/154/209 207/154/207 210/154/210 
f 210/154/210 207/154/207 211/154/211 
f 211/154/211 207/154/207 212/154/212 
f 212/154/212 207/154/207 213/154/213 
f 214/154/214 213/154/213 207/154/207 
f 213/154/213 214/154/214 215/154/215 
f 215/154/215 214/154/214 216/154/216 
f 217/154/217 216/154/216 214/154/214 
f 216/154/216 217/154/217 218/154/218 
f 219/154/219 218/154/218 217/154/217 
f 218/154/218 219/154/219 220/154/220 
f 220/154/220 219/154/219 221/154/221 
f 217/154/217 221/154/221 219/154/219 
f 221/154/221 217/154/217 199/154/199 
f 187/136/187 222/135/222 223/138/223 
f 222/135/222 187/136/187 189/137/189 
f 224/136/224 222/135/222 225/137/225 
f 222/135/222 224/136/224 223/138/223 
f 224/138/224 226/137/226 227/136/227 
f 226/137/226 224/138/224 225/135/225 
f 228/136/228 226/135/226 229/137/229 
f 226/135/226 228/136/228 227/138/227 
f 230/136/230 229/135/229 231/137/231 
f 229/135/229 230/136/230 228/138/228 
f 90/88/90 232/124/232 92/90/92 
f 232/124/232 90/88/90 233/123/233 
f 86/84/86 233/123/233 90/88/90 
f 233/123/233 86/84/86 234/122/234 
f 235/134/235 231/134/231 236/134/236 
f 231/134/231 235/134/235 230/134/230 
f 237/135/237 238/136/238 239/138/239 
f 238/136/238 237/135/237 240/137/240 
f 240/135/240 196/136/196 238/138/238 
f 196/136/196 240/135/240 195/137/195 
f 241/135/241 239/136/239 242/138/242 
f 239/136/239 241/135/241 237/137/237 
f 243/155/243 244/156/244 245/157/245 
f 246/158/246 244/156/244 243/155/243 
f 244/156/244 246/158/246 247/159/247 
f 248/160/248 247/159/247 246/158/246 
f 247/159/247 248/160/248 249/161/249 
f 250/162/250 249/161/249 248/160/248 
f 249/161/249 250/162/250 251/163/251 
f 252/164/252 251/163/251 250/162/250 
f 253/162/253 251/163/251 252/164/252 
f 251/163/251 253/162/253 254/161/254 
f 255/160/255 254/161/254 253/162/253 
f 254/161/254 255/160/255 256/159/256 
f 257/158/257 256/159/256 255/160/255 
f 256/159/256 257/158/257 258/156/258 
f 259/155/259 258/156/258 257/158/257 
f 258/156/258 259/155/259 260/157/260 
f 261/165/261 262/165/262 263/165/263 
f 262/165/262 261/165/261 264/165/264 
f 265/165/265 264/165/264 261/165/261 
f 264/165/264 265/165/265 266/165/266 
f 267/165/267 266/165/266 265/165/265 
f 266/165/266 267/165/267 268/165/268 
f 269/165/269 268/165/268 267/165/267 
f 268/165/268 269/165/269 270/165/270 
f 271/165/271 270/165/270 269/165/269 
f 272/165/272 270/165/270 271/165/271 
f 270/165/270 272/165/272 262/165/262 
f 273/165/273 262/165/262 272/165/272 
f 262/165/262 273/165/273 263/165/263 
f 263/165/263 273/165/273 265/165/265 
f 272/165/272 265/165/265 273/165/273 
f 265/165/265 272/165/272 267/165/267 
f 267/165/267 272/165/272 274/165/274 
f 274/165/274 272/165/272 275/165/275 
f 275/165/275 272/165/272 276/165/276 
f 276/165/276 272/165/272 277/165/277 
f 271/165/271 277/165/277 272/165/272 
f 267/165/267 277/165/277 271/165/271 
f 274/165/274 277/165/277 267/165/267 
f 277/165/277 274/165/274 276/165/276 
f 276/165/276 274/165/274 278/165/278 
f 275/165/275 278/165/278 274/165/274 
f 278/165/278 275/165/275 279/165/279 
f 276/165/276 279/165/279 275/165/275 
f 279/165/279 276/165/276 278/165/278 
f 280/166/280 281/167/281 282/168/282 
f 283/169/283 281/167/281 280/166/280 
f 281/167/281 283/169/283 284/170/284 
f 284/170/284 283/169/283 121/109/121 
f 280/166/280 121/109/121 283/169/283 
f 121/109/121 280/166/280 113/101/113 
f 113/101/113 280/166/280 115/103/115 
f 282/168/282 115/103/115 280/166/280 
f 115/103/115 282/168/282 285/171/285 
f 266/165/266 270/165/286 268/165/286 
f 264/165/287 270/165/270 266/165/287 
f 270/165/270 264/165/288 262/165/288 
f 286/172/289 287/173/290 288/168/291 
f 287/173/290 286/172/289 282/168/282 
f 282/168/282 286/172/289 285/171/285 
f 289/174/292 285/171/285 286/172/289 
f 285/171/285 289/174/292 115/103/115 
f 290/175/293 115/103/115 289/174/292 
f 115/103/115 290/175/293 116/104/116 
f 291/165/294 292/165/295 293/165/296 
f 294/165/297 292/165/295 291/165/294 
f 292/165/295 294/165/297 295/165/298 
f 296/176/299 297/177/300 298/178/301 
f 299/179/302 297/177/300 296/176/299 
f 300/180/303 297/177/300 299/179/302 
f 301/181/304 297/177/300 300/180/303 
f 302/182/305 297/177/300 301/181/304 
f 303/183/306 297/177/300 302/182/305 
f 304/184/307 297/177/300 303/183/306 
f 305/185/308 297/177/300 304/184/307 
f 306/186/309 297/177/300 305/185/308 
f 297/177/300 306/186/309 298/178/301 
f 307/187/310 308/188/311 309/189/312 
f 310/190/313 308/188/311 307/187/310 
f 311/191/314 308/188/311 310/190/313 
f 312/192/315 308/188/311 311/191/314 
f 313/193/316 308/188/311 312/192/315 
f 314/194/317 308/188/311 313/193/316 
f 315/195/318 308/188/311 314/194/317 
f 316/196/319 308/188/311 315/195/318 
f 317/197/320 308/188/311 316/196/319 
f 308/188/311 317/197/320 309/189/312 
f 318/165/321 319/165/322 320/165/323 
f 319/165/322 318/165/321 321/165/324 
f 321/165/324 318/165/321 322/165/325 
f 320/165/323 322/165/325 318/165/321 
f 322/165/325 320/165/323 291/165/294 
f 291/165/326 320/165/323 293/165/326 
f 321/165/324 293/165/296 320/165/323 
f 293/165/296 321/165/324 323/165/327 
f 322/165/325 323/165/327 321/165/324 
f 324/165/328 323/165/327 322/165/325 
f 323/165/327 324/165/328 293/165/296 
f 293/165/329 324/165/328 292/165/329 
f 325/165/330 292/165/295 324/165/328 
f 326/165/331 292/165/295 325/165/330 
f 292/165/332 326/165/331 295/165/332 
f 327/165/333 295/165/298 326/165/331 
f 295/165/334 327/165/333 294/165/334 
f 322/165/325 294/165/297 327/165/333 
f 294/165/335 322/165/325 291/165/335 
f 328/165/336 329/165/337 330/165/338 
f 324/165/328 329/165/337 328/165/336 
f 331/165/339 329/165/337 324/165/328 
f 332/165/340 329/165/337 331/165/339 
f 329/165/337 332/165/340 330/165/338 
f 330/165/338 332/165/340 328/165/336 
f 331/165/339 328/165/336 332/165/340 
f 333/165/341 328/165/336 331/165/339 
f 328/165/336 333/165/341 324/165/328 
f 324/165/328 333/165/341 325/165/330 
f 325/165/330 333/165/341 327/165/333 
f 331/165/339 327/165/333 333/165/341 
f 324/165/328 327/165/333 331/165/339 
f 327/165/333 324/165/328 322/165/325 
f 334/198/342 335/199/343 336/200/344 
f 335/199/343 334/198/342 337/201/345 
f 337/201/345 334/198/342 338/202/346 
f 336/200/344 338/202/346 334/198/342 
f 338/202/346 336/200/344 339/203/347 
f 340/204/348 339/203/347 336/200/344 
f 339/203/347 340/204/348 341/205/349 
f 341/205/349 340/204/348 342/206/350 
f 343/204/351 342/206/350 340/204/348 
f 342/206/350 343/204/351 344/207/352 
f 339/203/347 344/207/352 343/204/351 
f 341/205/349 344/207/352 339/203/347 
f 344/207/352 341/205/349 345/208/353 
f 342/206/350 345/208/353 341/205/349 
f 345/208/353 342/206/350 344/207/352 
f 346/97/354 347/98/355 348/99/356 
f 347/98/355 346/97/354 88/86/88 
f 349/96/357 88/86/88 346/97/354 
f 88/86/88 349/96/357 86/84/86 
f 350/121/358 86/84/86 349/96/357 
f 86/84/86 350/121/358 234/122/234 
f 234/122/234 350/121/358 351/128/359 
f 351/128/359 350/121/358 352/209/360 
f 353/210/361 352/209/360 350/121/358 
f 354/211/362 352/209/360 353/210/361 
f 352/209/360 354/211/362 355/212/363 
f 356/213/364 355/212/363 354/211/362 
f 355/212/363 356/213/364 357/214/365 
f 358/214/366 359/212/367 360/215/368 
f 361/213/369 359/212/367 358/214/366 
f 359/212/367 361/213/369 362/209/370 
f 362/209/370 361/213/369 363/211/371 
f 284/170/284 363/211/371 361/213/369 
f 363/211/371 284/170/284 364/216/372 
f 121/109/121 364/216/372 284/170/284 
f 122/110/122 364/216/372 121/109/121 
f 364/216/372 122/110/122 363/211/371 
f 365/210/373 363/211/371 122/110/122 
f 363/211/371 365/210/373 362/209/370 
f 133/121/133 362/209/370 365/210/373 
f 140/128/140 362/209/370 133/121/133 
f 144/132/144 362/209/370 140/128/140 
f 141/129/141 362/209/370 144/132/144 
f 362/209/370 141/129/141 359/212/367 
f 359/212/367 141/129/141 360/215/368 
f 143/131/143 360/215/368 141/129/141 
f 360/215/368 143/131/143 366/217/374 
f 366/217/374 143/131/143 367/218/375 
f 367/218/375 143/131/143 368/219/376 
f 142/130/142 368/219/376 143/131/143 
f 368/219/376 142/130/142 369/220/377 
f 367/218/375 370/221/378 371/222/379 
f 370/221/378 367/218/375 372/223/380 
f 368/219/376 372/223/380 367/218/375 
f 372/223/380 368/219/376 373/224/381 
f 369/220/377 373/224/381 368/219/376 
f 374/225/382 373/224/381 369/220/377 
f 373/224/381 374/225/382 375/226/383 
f 376/227/384 375/226/383 374/225/382 
f 375/226/383 376/227/384 377/228/385 
f 377/228/385 376/227/384 378/229/386 
f 379/230/387 378/229/386 376/227/384 
f 378/229/386 379/230/387 380/231/388 
f 380/231/388 379/230/387 381/229/389 
f 382/227/390 381/229/389 379/230/387 
f 381/229/389 382/227/390 383/228/391 
f 384/226/392 383/228/391 382/227/390 
f 385/232/393 383/228/391 384/226/392 
f 383/228/391 385/232/393 386/233/394 
f 387/234/395 388/234/396 389/234/397 
f 388/234/396 387/234/395 390/234/398 
f 391/235/399 392/235/400 393/235/401 
f 392/235/400 391/235/399 394/235/402 
f 394/236/402 395/236/403 392/236/400 
f 396/236/404 395/236/403 394/236/402 
f 395/236/403 396/236/404 397/236/405 
f 398/236/406 397/236/405 396/236/404 
f 397/236/405 398/236/406 399/236/407 
f 400/236/408 399/236/407 398/236/406 
f 399/236/407 400/236/408 401/236/409 
f 402/236/410 401/236/409 400/236/408 
f 401/236/409 402/236/410 403/236/411 
f 403/236/411 402/236/410 404/236/412 
f 405/236/413 404/236/412 402/236/410 
f 404/236/412 405/236/413 406/236/414 
f 407/236/415 406/236/414 405/236/413 
f 406/236/414 407/236/415 408/236/416 
f 409/237/417 408/237/416 410/237/418 
f 408/237/416 409/237/417 411/237/419 
f 412/237/420 411/237/419 409/237/417 
f 411/237/419 412/237/420 413/237/421 
f 414/238/422 411/239/419 413/240/421 
f 415/241/423 411/239/419 414/238/422 
f 411/239/419 415/241/423 408/242/416 
f 408/242/416 415/241/423 406/243/414 
f 406/243/414 415/241/423 404/244/412 
f 416/245/424 404/244/412 415/241/423 
f 404/244/412 416/245/424 403/246/411 
f 403/246/411 416/245/424 417/247/425 
f 418/248/426 417/247/425 416/245/424 
f 417/247/425 418/248/426 419/249/427 
f 420/250/428 421/247/429 419/249/427 
f 421/247/429 420/250/428 422/251/430 
f 423/252/431 422/251/430 420/250/428 
f 401/253/409 422/251/430 423/252/431 
f 403/246/411 422/251/430 401/253/409 
f 422/251/430 403/246/411 421/247/429 
f 417/254/425 421/254/429 403/254/411 
f 421/254/429 417/254/425 419/254/427 
f 416/245/424 414/238/422 418/248/426 
f 414/238/422 416/245/424 415/241/423 
f 424/235/432 408/235/416 407/235/415 
f 408/235/416 424/235/432 410/235/418 
f 425/255/433 426/255/434 427/255/435 
f 428/255/436 426/255/434 425/255/433 
f 426/255/434 428/255/436 429/255/437 
f 429/255/437 428/255/436 430/255/438 
f 430/255/438 428/255/436 431/255/439 
f 431/255/439 428/255/436 432/255/440 
f 425/255/433 432/255/440 428/255/436 
f 432/255/440 425/255/433 433/255/441 
f 434/256/442 435/256/443 436/256/444 
f 435/256/443 434/256/442 437/256/445 
f 438/257/446 439/257/447 440/257/448 
f 441/257/449 439/257/447 438/257/446 
f 439/257/447 441/257/449 442/257/450 
f 442/257/450 441/257/449 443/257/451 
f 443/257/451 441/257/449 444/257/452 
f 444/257/452 441/257/449 445/257/453 
f 438/257/446 445/257/453 441/257/449 
f 445/257/453 438/257/446 446/257/454 
f 447/258/455 448/258/456 449/258/457 
f 448/258/456 447/258/455 450/258/458 
f 451/259/459 452/260/460 453/261/461 
f 452/260/460 451/259/459 423/252/431 
f 454/254/462 455/254/463 456/254/464 
f 455/254/463 454/254/462 399/254/407 
f 455/262/463 457/263/465 456/264/464 
f 457/263/465 455/262/463 458/265/466 
f 399/266/407 458/265/466 455/262/463 
f 401/253/409 458/265/466 399/266/407 
f 423/252/431 458/265/466 401/253/409 
f 458/265/466 423/252/431 457/263/465 
f 451/259/459 457/263/465 423/252/431 
f 453/261/461 457/263/465 451/259/459 
f 457/263/465 453/261/461 450/267/458 
f 459/258/467 413/258/421 460/258/468 
f 413/258/421 459/258/467 461/258/469 
f 460/268/468 412/240/420 462/268/470 
f 412/240/420 460/268/468 413/240/421 
f 463/269/471 464/270/472 465/271/473 
f 466/272/474 464/270/472 463/269/471 
f 459/273/467 464/270/472 466/272/474 
f 467/274/475 464/270/472 459/273/467 
f 464/270/472 467/274/475 468/275/476 
f 469/276/477 468/275/476 467/274/475 
f 468/275/476 469/276/477 470/277/478 
f 471/278/479 470/277/478 469/276/477 
f 470/277/478 471/278/479 472/279/480 
f 461/280/469 472/279/480 471/278/479 
f 473/281/481 472/279/480 461/280/469 
f 474/282/482 472/279/480 473/281/481 
f 472/279/480 474/282/482 475/283/483 
f 476/284/484 475/283/483 474/282/482 
f 477/285/485 475/283/483 476/284/484 
f 470/277/478 475/283/483 477/285/485 
f 475/283/483 470/277/478 472/279/480 
f 450/268/458 478/240/486 448/240/456 
f 478/240/486 450/268/458 479/268/487 
f 432/257/440 480/257/488 431/257/439 
f 480/257/488 432/257/440 481/257/489 
f 433/257/441 481/257/489 432/257/440 
f 481/257/489 433/257/441 482/257/490 
f 483/225/491 384/226/392 382/227/390 
f 484/224/492 384/226/392 483/225/491 
f 384/226/392 484/224/492 385/232/393 
f 485/127/493 351/128/359 486/133/494 
f 351/128/359 485/127/493 234/122/234 
f 234/122/234 485/127/493 233/123/233 
f 487/126/495 233/123/233 485/127/493 
f 233/123/233 487/126/495 232/124/232 
f 488/125/496 232/124/232 487/126/495 
f 232/124/232 488/125/496 92/90/92 
f 92/90/92 488/125/496 483/225/491 
f 489/220/497 483/225/491 488/125/496 
f 483/225/491 489/220/497 484/224/492 
f 484/224/492 489/220/497 490/219/498 
f 491/130/499 490/219/498 489/220/497 
f 490/219/498 491/130/499 492/131/500 
f 492/131/500 491/130/499 493/129/501 
f 493/129/501 491/130/499 494/132/502 
f 486/133/494 494/132/502 491/130/499 
f 351/128/359 494/132/502 486/133/494 
f 352/209/360 494/132/502 351/128/359 
f 494/132/502 352/209/360 493/129/501 
f 355/212/363 493/129/501 352/209/360 
f 357/214/365 493/129/501 355/212/363 
f 360/215/368 493/129/501 357/214/365 
f 493/129/501 360/215/368 492/131/500 
f 366/217/374 492/131/500 360/215/368 
f 367/218/375 492/131/500 366/217/374 
f 492/131/500 367/218/375 490/219/498 
f 371/222/379 490/219/498 367/218/375 
f 490/219/498 371/222/379 484/224/492 
f 495/255/503 480/255/488 429/255/437 
f 496/255/504 480/255/488 495/255/503 
f 497/255/505 480/255/488 496/255/504 
f 480/255/488 497/255/505 431/255/439 
f 431/286/439 498/286/506 499/286/507 
f 498/286/506 431/286/439 497/286/505 
f 500/286/508 501/286/509 502/286/510 
f 501/286/509 500/286/508 442/286/450 
f 498/286/506 442/286/450 500/286/508 
f 442/286/450 498/286/506 497/286/505 
f 443/287/511 503/287/512 444/288/511 
f 503/287/512 443/287/513 442/287/513 
f 504/257/514 443/257/451 444/257/452 
f 505/257/515 443/257/451 504/257/514 
f 501/257/509 443/257/451 505/257/515 
f 443/257/451 501/257/509 442/257/450 
f 504/255/514 506/255/516 505/255/515 
f 506/255/516 504/255/514 507/255/517 
f 502/255/510 507/255/517 504/255/514 
f 507/255/517 502/255/510 508/255/518 
f 509/289/519 507/289/517 508/289/518 
f 507/289/517 509/289/519 510/289/520 
f 499/289/507 510/289/520 509/289/519 
f 510/289/520 499/289/507 429/289/437 
f 498/289/506 429/289/437 499/289/507 
f 429/289/437 498/289/506 495/289/503 
f 480/255/488 430/255/521 429/255/521 
f 430/255/438 480/255/522 431/255/522 
f 430/255/438 510/255/520 429/255/437 
f 511/255/523 510/255/520 430/255/438 
f 506/255/516 510/255/520 511/255/523 
f 510/255/520 506/255/516 507/255/517 
f 512/290/524 513/291/525 514/292/526 
f 513/291/525 512/290/524 515/293/527 
f 516/294/528 515/293/527 512/290/524 
f 515/293/527 516/294/528 517/295/529 
f 517/295/529 516/294/528 518/296/530 
f 519/297/531 518/296/530 516/294/528 
f 518/296/530 519/297/531 520/298/532 
f 521/299/533 520/298/532 519/297/531 
f 522/300/534 520/298/532 521/299/533 
f 520/298/532 522/300/534 523/301/535 
f 514/302/526 523/301/535 522/300/534 
f 523/301/535 514/302/526 513/303/525 
f 524/304/536 525/305/537 526/306/538 
f 525/305/537 524/304/536 527/307/539 
f 528/308/540 527/307/539 524/304/536 
f 527/307/539 528/308/540 529/309/541 
f 529/309/541 528/308/540 530/310/542 
f 531/311/543 530/310/542 528/308/540 
f 530/310/542 531/311/543 532/312/544 
f 533/313/545 532/312/544 531/311/543 
f 532/312/544 533/313/545 534/314/546 
f 535/315/547 534/314/546 533/313/545 
f 526/316/538 534/314/546 535/315/547 
f 534/314/546 526/316/538 525/317/537 
f 536/318/548 537/319/549 538/320/550 
f 537/319/549 536/318/548 539/321/551 
f 526/316/538 539/321/551 536/318/548 
f 535/315/547 539/321/551 526/316/538 
f 533/313/545 539/321/551 535/315/547 
f 539/321/551 533/313/545 540/322/552 
f 531/311/543 540/322/552 533/313/545 
f 540/322/552 531/311/543 541/323/553 
f 528/308/540 541/323/553 531/311/543 
f 541/323/553 528/308/540 542/324/554 
f 524/304/536 542/324/554 528/308/540 
f 542/324/554 524/304/536 543/325/555 
f 526/306/538 543/325/555 524/304/536 
f 536/326/548 543/325/555 526/306/538 
f 538/327/550 543/325/555 536/326/548 
f 544/328/556 543/325/555 538/327/550 
f 543/325/555 544/328/556 542/324/554 
f 542/324/554 544/328/556 541/323/553 
f 545/329/557 541/323/553 544/328/556 
f 541/323/553 545/329/557 540/322/552 
f 537/319/549 540/322/552 545/329/557 
f 540/322/552 537/319/549 539/321/551 
f 546/330/558 547/331/559 548/332/560 
f 547/331/559 546/330/558 549/333/561 
f 549/333/561 546/330/558 550/334/562 
f 550/334/562 546/330/558 551/335/563 
f 551/335/563 546/330/558 552/336/564 
f 553/337/565 552/336/564 546/330/558 
f 552/336/564 553/337/565 554/338/566 
f 554/338/566 553/337/565 555/339/567 
f 555/339/567 553/337/565 556/340/568 
f 546/330/558 556/340/568 553/337/565 
f 556/340/568 546/330/558 548/332/560 
f 557/341/569 558/342/570 559/343/571 
f 560/344/572 558/342/570 557/341/569 
f 561/345/573 558/342/570 560/344/572 
f 558/342/570 561/345/573 562/346/574 
f 563/347/575 562/346/574 561/345/573 
f 562/346/574 563/347/575 564/348/576 
f 565/349/577 556/350/568 566/349/578 
f 556/350/568 565/349/577 555/350/567 
f 555/350/567 565/349/577 554/350/566 
f 567/349/579 554/350/566 565/349/577 
f 568/349/580 554/350/566 567/349/579 
f 554/350/566 568/349/580 552/350/564 
f 552/350/564 568/349/580 551/350/563 
f 569/349/581 551/350/563 568/349/580 
f 551/350/563 569/349/581 570/351/582 
f 571/349/583 570/351/582 569/349/581 
f 572/349/584 570/351/582 571/349/583 
f 570/351/582 572/349/584 573/351/585 
f 574/349/586 573/351/585 572/349/584 
f 573/351/585 574/349/586 548/350/560 
f 566/349/578 548/350/560 574/349/586 
f 548/350/560 566/349/578 556/350/568 
f 575/347/587 576/346/588 577/348/589 
f 578/345/590 576/346/588 575/347/587 
f 576/346/588 578/345/590 579/342/591 
f 580/344/592 579/342/591 578/345/590 
f 581/341/593 579/342/591 580/344/592 
f 579/342/591 581/341/593 582/343/594 
f 575/352/587 583/353/595 578/354/590 
f 583/353/595 575/352/587 584/355/596 
f 577/356/589 584/355/596 575/352/587 
f 584/355/596 577/356/589 585/357/597 
f 576/358/588 585/357/597 577/356/589 
f 585/357/597 576/358/588 586/359/598 
f 587/360/599 578/361/590 583/360/595 
f 578/361/590 587/360/599 580/361/592 
f 580/361/592 587/360/599 581/361/593 
f 588/360/600 581/361/593 587/360/599 
f 581/361/593 588/360/600 582/361/594 
f 589/360/601 582/361/594 588/360/600 
f 590/360/602 582/361/594 589/360/601 
f 582/361/594 590/360/602 579/361/591 
f 586/360/598 579/361/591 590/360/602 
f 579/361/591 586/360/598 576/361/588 
f 591/350/603 587/349/599 583/349/595 
f 592/351/604 587/349/599 591/350/603 
f 587/349/599 592/351/604 588/349/600 
f 588/349/600 592/351/604 589/349/601 
f 593/351/605 589/349/601 592/351/604 
f 589/349/601 593/351/605 590/349/602 
f 594/350/606 590/349/602 593/351/605 
f 590/349/602 594/350/606 586/349/598 
f 595/350/607 586/349/598 594/350/606 
f 586/349/598 595/350/607 585/349/597 
f 596/350/608 585/349/597 595/350/607 
f 597/350/609 585/349/597 596/350/608 
f 585/349/597 597/350/609 584/349/596 
f 584/349/596 597/350/609 583/349/595 
f 598/350/610 583/349/595 597/350/609 
f 583/349/595 598/350/610 591/350/603 
f 599/362/611 600/363/612 601/364/613 
f 602/365/614 600/363/612 599/362/611 
f 600/363/612 602/365/614 603/366/615 
f 604/367/616 599/367/611 601/367/613 
f 599/367/611 604/367/616 605/367/617 
f 606/367/618 605/367/617 604/367/616 
f 607/367/619 605/367/617 606/367/618 
f 605/367/617 607/367/619 608/367/620 
f 608/367/620 607/367/619 609/367/621 
f 610/367/622 609/367/621 607/367/619 
f 609/367/621 610/367/622 611/367/623 
f 612/367/624 611/367/623 610/367/622 
f 613/367/625 611/367/623 612/367/624 
f 611/367/623 613/367/625 601/367/613 
f 601/367/613 613/367/625 604/367/616 
f 614/367/626 604/367/616 613/367/625 
f 604/367/616 614/367/626 606/367/618 
f 606/367/618 614/367/626 607/367/619 
f 607/367/619 614/367/626 610/367/622 
f 610/367/622 614/367/626 615/367/627 
f 613/367/625 615/367/627 614/367/626 
f 615/367/627 613/367/625 616/367/628 
f 612/367/624 616/367/628 613/367/625 
f 610/367/622 616/367/628 612/367/624 
f 616/367/628 610/367/622 615/367/627 
f 617/363/629 608/362/620 609/364/621 
f 608/362/620 617/363/629 618/365/630 
f 619/366/631 618/365/630 617/363/629 
f 618/365/630 619/366/631 620/368/632 
f 620/368/632 619/366/631 621/369/633 
f 622/370/634 621/369/633 619/366/631 
f 621/369/633 622/370/634 623/371/635 
f 623/371/635 622/370/634 624/372/636 
f 625/373/637 624/372/636 622/370/634 
f 110/98/110 624/372/636 625/373/637 
f 112/100/112 624/372/636 110/98/110 
f 624/372/636 112/100/112 623/371/635 
f 114/102/114 623/371/635 112/100/112 
f 117/105/117 623/371/635 114/102/114 
f 623/371/635 117/105/117 621/369/633 
f 119/107/119 621/369/633 117/105/117 
f 621/369/633 119/107/119 620/368/632 
f 626/374/638 620/368/632 119/107/119 
f 620/368/632 626/374/638 627/375/639 
f 628/376/640 629/377/641 630/378/642 
f 629/377/641 628/376/640 631/379/643 
f 632/116/644 633/117/645 634/115/646 
f 635/118/647 633/117/645 632/116/644 
f 633/117/645 635/118/647 636/119/648 
f 637/120/649 636/119/648 635/118/647 
f 636/119/648 637/120/649 349/96/357 
f 349/96/357 637/120/649 350/121/358 
f 350/121/358 637/120/649 353/210/361 
f 635/118/647 353/210/361 637/120/649 
f 353/210/361 635/118/647 638/380/650 
f 632/116/644 638/380/650 635/118/647 
f 638/380/650 632/116/644 639/114/651 
f 634/115/646 639/114/651 632/116/644 
f 640/113/652 639/114/651 634/115/646 
f 639/114/651 640/113/652 641/112/653 
f 642/111/654 641/112/653 640/113/652 
f 641/112/653 642/111/654 643/110/655 
f 644/108/656 643/110/655 642/111/654 
f 645/109/657 643/110/655 644/108/656 
f 643/110/655 645/109/657 646/216/658 
f 646/216/658 645/109/657 647/170/659 
f 648/169/660 647/170/659 645/109/657 
f 647/170/659 648/169/660 649/167/661 
f 650/381/662 356/382/364 647/383/659 
f 651/384/663 356/382/364 650/381/662 
f 356/382/364 651/384/663 357/385/365 
f 652/386/664 357/385/365 651/384/663 
f 357/385/365 652/386/664 360/387/368 
f 360/387/368 652/386/664 358/385/366 
f 653/384/665 358/385/366 652/386/664 
f 358/385/366 653/384/665 361/382/369 
f 654/381/666 361/382/369 653/384/665 
f 361/382/369 654/381/666 284/383/284 
f 655/388/667 284/383/284 654/381/666 
f 284/383/284 655/388/667 281/389/281 
f 656/390/668 281/389/281 655/388/667 
f 281/389/281 656/390/668 282/391/282 
f 657/390/669 282/391/282 656/390/668 
f 282/391/282 657/390/669 287/392/290 
f 287/392/290 657/390/669 288/391/291 
f 288/391/291 657/390/669 649/389/661 
f 658/388/670 649/389/661 657/390/669 
f 649/389/661 658/388/670 647/383/659 
f 647/383/659 658/388/670 650/381/662 
f 650/381/662 658/388/670 336/200/344 
f 657/390/669 336/200/344 658/388/670 
f 336/200/344 657/390/669 340/204/348 
f 656/390/668 340/204/348 657/390/669 
f 340/204/348 656/390/668 343/204/351 
f 343/204/351 656/390/668 339/203/347 
f 339/203/347 656/390/668 659/200/671 
f 655/388/667 659/200/671 656/390/668 
f 654/381/666 659/200/671 655/388/667 
f 660/200/672 659/200/671 654/381/666 
f 661/393/673 659/200/671 660/200/672 
f 662/198/674 659/200/671 661/393/673 
f 659/200/671 662/198/674 339/203/347 
f 339/203/347 662/198/674 338/202/346 
f 338/202/346 662/198/674 337/201/345 
f 337/201/345 662/198/674 335/199/343 
f 661/393/673 335/199/343 662/198/674 
f 335/199/343 661/393/673 336/200/344 
f 336/200/344 661/393/673 650/381/662 
f 663/394/675 650/381/662 661/393/673 
f 664/395/676 650/381/662 663/394/675 
f 650/381/662 664/395/676 651/384/663 
f 665/376/677 651/384/663 664/395/676 
f 630/378/642 651/384/663 665/376/677 
f 651/384/663 630/378/642 652/386/664 
f 629/377/641 652/386/664 630/378/642 
f 666/396/678 652/386/664 629/377/641 
f 652/386/664 666/396/678 653/384/665 
f 653/384/665 666/396/678 667/397/679 
f 667/397/679 666/396/678 668/398/680 
f 629/377/641 668/398/680 666/396/678 
f 631/379/643 668/398/680 629/377/641 
f 668/398/680 631/379/643 667/397/679 
f 628/376/640 667/397/679 631/379/643 
f 667/397/679 628/376/640 653/384/665 
f 669/395/681 653/384/665 628/376/640 
f 653/384/665 669/395/681 654/381/666 
f 661/393/673 654/381/666 669/395/681 
f 654/381/666 661/393/673 670/393/682 
f 660/200/672 670/393/682 661/393/673 
f 670/393/682 660/200/672 671/399/683 
f 672/381/684 671/399/683 660/200/672 
f 671/399/683 672/381/684 670/393/682 
f 670/393/682 672/381/684 654/381/666 
f 660/200/672 654/381/666 672/381/684 
f 661/393/673 669/395/681 663/394/675 
f 673/400/685 663/394/675 669/395/681 
f 663/394/675 673/400/685 664/395/676 
f 664/395/676 673/400/685 665/376/677 
f 665/376/677 673/400/685 630/378/642 
f 630/378/642 673/400/685 628/376/640 
f 628/376/640 673/400/685 669/395/681 
f 356/213/364 646/216/658 647/170/659 
f 354/211/362 646/216/658 356/213/364 
f 646/216/658 354/211/362 643/110/655 
f 353/210/361 643/110/655 354/211/362 
f 638/380/650 643/110/655 353/210/361 
f 643/110/655 638/380/650 641/112/653 
f 639/114/651 641/112/653 638/380/650 
f 674/149/686 675/139/687 676/148/688 
f 677/144/689 676/148/688 675/139/687 
f 678/145/690 676/148/688 677/144/689 
f 633/147/645 676/148/688 678/145/690 
f 676/148/688 633/147/645 674/149/686 
f 636/152/648 674/149/686 633/147/645 
f 349/151/357 674/149/686 636/152/648 
f 346/150/354 674/149/686 349/151/357 
f 348/141/356 674/149/686 346/150/354 
f 674/149/686 348/141/356 675/139/687 
f 644/140/656 675/139/687 348/141/356 
f 642/142/654 675/139/687 644/140/656 
f 640/143/652 675/139/687 642/142/654 
f 675/139/687 640/143/652 677/144/689 
f 677/144/689 640/143/652 678/145/690 
f 634/146/646 678/145/690 640/143/652 
f 678/145/690 634/146/646 633/147/645 
f 88/401/88 679/402/691 347/403/355 
f 680/404/692 679/402/691 88/401/88 
f 679/402/691 680/404/692 245/157/245 
f 245/157/245 680/404/692 243/155/243 
f 205/405/205 243/155/243 680/404/692 
f 206/406/206 243/155/243 205/405/205 
f 243/155/243 206/406/206 246/158/246 
f 208/407/208 246/158/246 206/406/206 
f 246/158/246 208/407/208 248/160/248 
f 248/160/248 208/407/208 250/162/250 
f 209/408/209 250/162/250 208/407/208 
f 250/162/250 209/408/209 252/164/252 
f 210/409/210 252/164/252 209/408/209 
f 211/408/211 252/164/252 210/409/210 
f 252/164/252 211/408/211 253/162/253 
f 212/407/212 253/162/253 211/408/211 
f 253/162/253 212/407/212 255/160/255 
f 255/160/255 212/407/212 257/158/257 
f 213/406/213 257/158/257 212/407/212 
f 257/158/257 213/406/213 259/155/259 
f 215/405/215 259/155/259 213/406/213 
f 681/404/693 259/155/259 215/405/215 
f 259/155/259 681/404/693 260/157/260 
f 260/157/260 681/404/693 682/402/694 
f 107/401/107 682/402/694 681/404/693 
f 110/403/110 682/402/694 107/401/107 
f 625/403/637 682/402/694 110/403/110 
f 682/402/694 625/403/637 260/157/260 
f 622/403/634 260/157/260 625/403/637 
f 260/157/260 622/403/634 258/156/258 
f 619/403/631 258/156/258 622/403/634 
f 258/156/258 619/403/631 256/159/256 
f 617/403/629 256/159/256 619/403/631 
f 256/159/256 617/403/629 254/161/254 
f 609/403/621 254/161/254 617/403/629 
f 611/410/623 254/161/254 609/403/621 
f 254/161/254 611/410/623 251/163/251 
f 251/163/251 611/410/623 249/161/249 
f 601/403/613 249/161/249 611/410/623 
f 600/403/612 249/161/249 601/403/613 
f 249/161/249 600/403/612 247/159/247 
f 603/403/615 247/159/247 600/403/612 
f 247/159/247 603/403/615 244/156/244 
f 683/403/695 244/156/244 603/403/615 
f 244/156/244 683/403/695 245/157/245 
f 684/403/696 245/157/245 683/403/695 
f 245/157/245 684/403/696 679/402/691 
f 347/403/355 679/402/691 684/403/696 
f 207/154/207 204/154/204 197/154/197 
f 214/154/214 207/154/207 217/154/217 
f 107/401/107 681/404/693 106/401/106 
f 685/411/697 106/401/106 681/404/693 
f 106/401/106 685/411/697 104/401/104 
f 686/411/698 104/401/104 685/411/697 
f 104/401/104 686/411/698 101/401/101 
f 687/411/699 101/401/101 686/411/698 
f 101/401/101 687/411/699 100/401/100 
f 688/411/700 100/401/100 687/411/699 
f 100/401/100 688/411/700 98/401/98 
f 689/411/701 98/401/98 688/411/700 
f 98/401/98 689/411/701 97/401/97 
f 688/411/700 199/412/199 689/411/701 
f 199/412/199 688/411/700 221/412/221 
f 687/411/699 221/412/221 688/411/700 
f 221/412/221 687/411/699 220/412/220 
f 686/411/698 220/412/220 687/411/699 
f 220/412/220 686/411/698 218/412/218 
f 685/411/697 218/412/218 686/411/698 
f 218/412/218 685/411/697 216/412/216 
f 216/412/216 685/411/697 215/412/215 
f 681/404/693 215/412/215 685/411/697 
f 181/82/181 159/59/159 690/81/702 
f 161/56/161 690/81/702 159/59/159 
f 690/81/702 161/56/161 168/80/168 
f 137/125/137 374/225/382 369/220/377 
f 102/90/102 374/225/382 137/125/137 
f 374/225/382 102/90/102 691/413/703 
f 99/91/99 691/413/703 102/90/102 
f 691/413/703 99/91/99 692/414/704 
f 96/94/96 692/414/704 99/91/99 
f 93/91/93 692/414/704 96/94/96 
f 692/414/704 93/91/93 693/413/705 
f 92/90/92 693/413/705 93/91/93 
f 483/225/491 693/413/705 92/90/92 
f 382/227/390 693/413/705 483/225/491 
f 693/413/705 382/227/390 692/414/704 
f 379/230/387 692/414/704 382/227/390 
f 376/227/384 692/414/704 379/230/387 
f 692/414/704 376/227/384 691/413/703 
f 374/225/382 691/413/703 376/227/384 
f 97/401/97 689/411/701 95/401/95 
f 694/411/706 95/401/95 689/411/701 
f 95/401/95 694/411/706 94/401/94 
f 695/411/707 94/401/94 694/411/706 
f 94/401/94 695/411/707 91/401/91 
f 696/411/708 91/401/91 695/411/707 
f 91/401/91 696/411/708 89/401/89 
f 697/411/709 89/401/89 696/411/708 
f 89/401/89 697/411/709 87/401/87 
f 680/404/692 87/401/87 697/411/709 
f 87/401/87 680/404/692 88/401/88 
f 697/411/709 205/412/205 680/404/692 
f 205/412/205 697/411/709 203/412/203 
f 203/412/203 697/411/709 202/412/202 
f 696/411/708 202/412/202 697/411/709 
f 202/412/202 696/411/708 201/412/201 
f 695/411/707 201/412/201 696/411/708 
f 201/412/201 695/411/707 198/412/198 
f 694/411/706 198/412/198 695/411/707 
f 198/412/198 694/411/706 199/412/199 
f 689/411/701 199/412/199 694/411/706 
f 488/415/496 81/79/81 489/416/497 
f 82/80/82 489/416/497 81/79/81 
f 489/416/497 82/80/82 491/417/499 
f 83/81/83 491/417/499 82/80/82 
f 491/417/499 83/81/83 486/418/494 
f 84/82/84 486/418/494 83/81/83 
f 486/418/494 84/82/84 485/419/493 
f 85/83/85 485/419/493 84/82/84 
f 485/419/493 85/83/85 487/420/495 
f 487/420/495 85/83/85 488/421/496 
f 488/421/496 85/83/85 81/422/81 
f 81/422/81 85/83/85 80/423/80 
f 63/61/63 80/423/80 85/83/85 
f 80/423/80 63/61/63 79/424/79 
f 64/62/64 79/424/79 63/61/63 
f 79/424/79 64/62/64 78/425/78 
f 66/64/66 78/425/78 64/62/64 
f 67/65/67 78/425/78 66/64/66 
f 78/425/78 67/65/67 76/426/76 
f 69/67/69 76/426/76 67/65/67 
f 76/426/76 69/67/69 75/427/75 
f 32/428/32 72/429/72 74/429/74 
f 33/428/33 72/429/72 32/428/32 
f 72/429/72 33/428/33 70/429/70 
f 36/428/36 70/429/70 33/428/33 
f 70/429/70 36/428/36 69/429/69 
f 69/429/69 36/428/36 75/429/75 
f 31/428/31 75/429/75 36/428/36 
f 30/428/30 75/429/75 31/428/31 
f 75/429/75 30/428/30 74/429/74 
f 32/428/32 74/429/74 30/428/30 
f 29/31/29 698/430/710 38/45/38 
f 699/431/711 38/45/38 698/430/710 
f 38/45/38 699/431/711 39/432/39 
f 39/432/39 699/431/711 40/433/40 
f 40/433/40 699/431/711 700/434/712 
f 701/435/713 41/436/41 40/437/40 
f 41/436/41 701/435/713 702/438/714 
f 702/438/714 701/435/713 703/439/715 
f 40/437/40 703/439/715 701/435/713 
f 703/439/715 40/437/40 704/440/716 
f 700/441/712 704/440/716 40/437/40 
f 705/442/717 704/440/716 700/441/712 
f 704/440/716 705/442/717 706/443/718 
f 41/436/41 706/443/718 705/442/717 
f 706/443/718 41/436/41 707/444/719 
f 702/438/714 707/444/719 41/436/41 
f 703/439/715 707/444/719 702/438/714 
f 707/444/719 703/439/715 706/443/718 
f 704/440/716 706/443/718 703/439/715 
f 38/445/38 21/23/21 43/42/43 
f 20/22/20 43/42/43 21/23/21 
f 17/19/17 43/42/43 20/22/20 
f 43/42/43 17/19/17 4/41/4 
f 4/41/4 17/19/17 2/446/2 
f 2/446/2 17/19/17 7/447/7 
f 19/21/19 7/447/7 17/19/17 
f 7/447/7 19/21/19 6/448/6 
f 50/53/50 14/449/14 16/54/16 
f 50/6/50 56/5/56 14/8/14 
f 55/9/55 14/8/14 56/5/56 
f 14/8/14 55/9/55 15/10/15 
f 15/450/15 46/49/46 13/48/13 
f 56/9/56 708/5/720 53/11/53 
f 709/14/721 53/11/53 708/5/720 
f 710/13/722 53/11/53 709/14/721 
f 53/11/53 710/13/722 51/12/51 
f 51/12/51 710/13/722 46/10/46 
f 46/10/46 710/13/722 47/7/47 
f 709/14/721 47/7/47 710/13/722 
f 708/5/720 47/7/47 709/14/721 
f 47/7/47 708/5/720 48/6/48 
f 56/9/56 48/6/48 708/5/720 
f 48/6/48 56/9/56 50/8/50 
f 24/26/24 34/36/34 27/29/27 
f 22/24/22 34/36/34 24/26/24 
f 21/23/21 34/36/34 22/24/22 
f 34/36/34 21/23/21 35/37/35 
f 35/37/35 21/23/21 711/451/723 
f 711/451/723 21/23/21 712/452/724 
f 37/453/37 712/452/724 21/23/21 
f 41/454/41 712/452/724 37/453/37 
f 705/455/717 712/452/724 41/454/41 
f 700/456/712 712/452/724 705/455/717 
f 699/457/711 712/452/724 700/456/712 
f 712/452/724 699/457/711 711/451/723 
f 698/458/710 711/451/723 699/457/711 
f 711/451/723 698/458/710 35/37/35 
f 29/39/29 35/37/35 698/458/710 
f 57/55/57 77/75/77 60/58/60 
f 713/153/725 60/58/60 77/75/77 
f 60/58/60 713/153/725 62/60/62 
f 62/60/62 713/153/725 65/63/65 
f 65/63/65 713/153/725 68/66/68 
f 68/66/68 713/153/725 71/69/71 
f 71/69/71 713/153/725 73/71/73 
f 73/71/73 713/153/725 77/75/77 
f 388/256/396 714/256/726 715/256/727 
f 390/256/398 714/256/726 388/256/396 
f 714/256/726 390/256/398 716/256/728 
f 717/256/729 716/256/728 390/256/398 
f 716/256/728 717/256/729 436/256/444 
f 434/256/442 436/256/444 717/256/729 
f 390/234/398 387/234/395 717/234/729 
f 718/234/504 717/234/729 387/234/395 
f 719/234/730 717/234/729 718/234/504 
f 717/234/729 719/234/730 434/234/442 
f 434/234/442 719/234/730 437/234/445 
f 437/234/445 719/234/730 720/234/731 
f 719/459/730 435/459/443 720/459/731 
f 435/459/443 719/459/730 436/459/444 
f 436/459/444 719/459/730 716/459/728 
f 718/459/504 716/459/728 719/459/730 
f 387/459/395 716/459/728 718/459/504 
f 716/459/728 387/459/395 714/459/726 
f 714/459/726 387/459/395 715/459/727 
f 389/459/397 715/459/727 387/459/395 
f 389/256/397 388/256/396 715/256/727 
f 437/256/445 720/256/731 435/256/443 
f 482/257/490 427/257/435 481/257/489 
f 426/257/434 481/257/489 427/257/435 
f 481/257/489 426/257/434 480/257/488 
f 480/257/488 426/257/434 429/257/437 
f 721/289/732 499/289/507 509/289/519 
f 499/289/507 721/289/732 431/289/439 
f 431/289/439 721/289/732 430/289/438 
f 430/289/438 721/289/732 511/289/523 
f 511/289/523 721/289/732 506/289/516 
f 722/289/733 506/289/516 721/289/732 
f 721/286/732 509/286/519 722/286/733 
f 508/286/518 722/286/733 509/286/519 
f 502/286/510 722/286/733 508/286/518 
f 501/286/509 722/286/733 502/286/510 
f 722/286/733 501/286/509 506/286/516 
f 506/286/516 501/286/509 505/286/515 
f 504/287/514 500/288/508 502/287/510 
f 444/288/452 500/288/508 504/287/514 
f 500/288/508 444/288/452 498/288/506 
f 498/288/506 444/288/452 495/288/503 
f 503/287/512 495/288/503 444/288/452 
f 495/288/503 503/287/512 496/287/504 
f 496/287/504 503/287/512 497/287/505 
f 442/287/450 497/287/505 503/287/512 
f 442/255/450 503/255/512 439/255/447 
f 723/255/734 439/255/447 503/255/512 
f 439/255/447 723/255/734 440/255/448 
f 440/255/448 723/255/734 724/255/735 
f 724/255/735 723/255/734 446/255/454 
f 446/255/454 723/255/734 445/255/453 
f 503/255/512 445/255/453 723/255/734 
f 445/255/453 503/255/512 444/255/452 
f 725/248/736 454/262/462 456/264/464 
f 454/262/462 725/248/736 726/245/737 
f 727/238/738 726/245/737 725/248/736 
f 726/245/737 727/238/738 728/241/739 
f 728/241/739 727/238/738 729/239/740 
f 448/240/456 729/239/740 727/238/738 
f 447/460/455 449/280/457 730/461/741 
f 731/281/742 730/461/741 449/280/457 
f 730/461/741 731/281/742 732/462/743 
f 733/282/744 732/462/743 731/281/742 
f 732/462/743 733/282/744 734/463/745 
f 735/284/746 734/463/745 733/282/744 
f 734/463/745 735/284/746 518/464/530 
f 518/464/530 735/284/746 517/465/529 
f 736/285/747 517/465/529 735/284/746 
f 517/465/529 736/285/747 515/466/527 
f 737/277/748 515/466/527 736/285/747 
f 515/466/527 737/277/748 513/467/525 
f 738/275/749 513/467/525 737/277/748 
f 513/467/525 738/275/749 523/468/535 
f 739/270/750 523/468/535 738/275/749 
f 523/468/535 739/270/750 520/469/532 
f 734/271/745 520/469/532 739/270/750 
f 520/469/532 734/271/745 518/470/530 
f 740/333/751 594/332/606 741/331/752 
f 594/332/606 740/333/751 742/330/753 
f 743/334/754 742/330/753 740/333/751 
f 591/335/603 742/330/753 743/334/754 
f 598/336/610 742/330/753 591/335/603 
f 742/330/753 598/336/610 744/337/755 
f 597/338/609 744/337/755 598/336/610 
f 596/339/608 744/337/755 597/338/609 
f 595/340/607 744/337/755 596/339/608 
f 744/337/755 595/340/607 742/330/753 
f 594/332/606 742/330/753 595/340/607 
f 741/350/752 594/350/606 745/471/756 
f 593/351/605 745/471/756 594/350/606 
f 592/351/604 745/471/756 593/351/605 
f 745/471/756 592/351/604 746/472/757 
f 591/350/603 746/472/757 592/351/604 
f 746/472/757 591/350/603 743/350/754 
f 743/134/754 747/134/758 748/134/759 
f 740/134/751 747/134/758 743/134/754 
f 747/134/758 740/134/751 749/134/760 
f 741/134/752 749/134/760 740/134/751 
f 745/134/756 749/134/760 741/134/752 
f 749/134/760 745/134/756 750/134/761 
f 746/134/757 750/134/761 745/134/756 
f 750/134/761 746/134/757 748/134/759 
f 743/134/754 748/134/759 746/134/757 
f 751/473/762 521/299/533 752/474/763 
f 519/297/531 752/474/763 521/299/533 
f 752/474/763 519/297/531 753/475/764 
f 516/294/528 753/475/764 519/297/531 
f 753/475/764 516/294/528 754/476/765 
f 512/290/524 754/476/765 516/294/528 
f 514/292/526 754/476/765 512/290/524 
f 755/477/766 754/476/765 514/292/526 
f 748/478/759 754/476/765 755/477/766 
f 747/479/758 754/476/765 748/478/759 
f 754/476/765 747/479/758 753/475/764 
f 753/475/764 747/479/758 752/474/763 
f 749/480/760 752/474/763 747/479/758 
f 752/474/763 749/480/760 751/473/762 
f 750/481/761 751/473/762 749/480/760 
f 756/482/767 751/473/762 750/481/761 
f 751/473/762 756/482/767 521/299/533 
f 521/299/533 756/482/767 522/300/534 
f 522/300/534 756/482/767 514/302/526 
f 514/302/526 756/482/767 755/483/766 
f 750/481/761 755/483/766 756/482/767 
f 755/483/766 750/481/761 748/484/759 
f 537/134/549 757/134/768 758/134/769 
f 545/134/557 757/134/768 537/134/549 
f 757/134/768 545/134/557 550/134/562 
f 544/134/556 550/134/562 545/134/557 
f 550/134/562 544/134/556 549/134/561 
f 538/134/550 549/134/561 544/134/556 
f 549/134/561 538/134/550 547/134/559 
f 547/134/559 538/134/550 758/134/769 
f 537/134/549 758/134/769 538/134/550 
f 550/350/562 551/350/563 757/472/768 
f 570/351/582 757/472/768 551/350/563 
f 573/351/585 757/472/768 570/351/582 
f 757/472/768 573/351/585 758/471/769 
f 548/350/560 758/471/769 573/351/585 
f 758/471/769 548/350/560 547/350/559 
f 562/358/574 565/357/577 566/359/578 
f 564/356/576 565/357/577 562/358/574 
f 565/357/577 564/356/576 567/355/579 
f 563/352/575 567/355/579 564/356/576 
f 567/355/579 563/352/575 568/353/580 
f 561/354/573 568/353/580 563/352/575 
f 568/360/580 561/361/573 569/360/581 
f 560/361/572 569/360/581 561/361/573 
f 557/361/569 569/360/581 560/361/572 
f 569/360/581 557/361/569 571/360/583 
f 559/361/571 571/360/583 557/361/569 
f 571/360/583 559/361/571 572/360/584 
f 572/360/584 559/361/571 574/360/586 
f 558/361/570 574/360/586 559/361/571 
f 574/360/586 558/361/570 566/360/578 
f 566/360/578 558/361/570 562/361/574 
f 739/270/750 732/269/743 734/271/745 
f 732/269/743 739/270/750 730/272/741 
f 730/272/741 739/270/750 447/273/455 
f 447/273/455 739/270/750 759/274/770 
f 738/275/749 759/274/770 739/270/750 
f 759/274/770 738/275/749 760/276/771 
f 737/277/748 760/276/771 738/275/749 
f 760/276/771 737/277/748 761/278/772 
f 762/279/773 761/278/772 737/277/748 
f 761/278/772 762/279/773 449/280/457 
f 449/280/457 762/279/773 731/281/742 
f 731/281/742 762/279/773 733/282/744 
f 763/283/774 733/282/744 762/279/773 
f 733/282/744 763/283/774 735/284/746 
f 735/284/746 763/283/774 736/285/747 
f 736/285/747 763/283/774 737/277/748 
f 762/279/773 737/277/748 763/283/774 
f 450/258/458 447/258/455 457/258/465 
f 759/258/770 457/258/465 447/258/455 
f 760/258/771 457/258/465 759/258/770 
f 457/258/465 760/258/771 456/258/464 
f 761/258/772 456/258/464 760/258/771 
f 456/258/464 761/258/772 725/258/736 
f 725/258/736 761/258/772 727/258/738 
f 449/258/457 727/258/738 761/258/772 
f 727/258/738 449/258/457 448/258/456 
f 478/237/486 729/237/740 448/237/456 
f 764/237/775 729/237/740 478/237/486 
f 729/237/740 764/237/775 392/237/400 
f 393/237/401 392/237/400 764/237/775 
f 410/242/418 765/485/776 409/239/417 
f 766/486/777 409/239/417 765/485/776 
f 409/239/417 766/486/777 412/240/420 
f 767/487/778 412/240/420 766/486/777 
f 412/240/420 767/487/778 462/268/470 
f 768/488/779 462/268/470 767/487/778 
f 462/268/470 768/488/779 460/268/468 
f 460/268/468 768/488/779 453/488/461 
f 453/488/461 768/488/779 450/268/458 
f 450/268/458 768/488/779 479/268/487 
f 767/487/778 479/268/487 768/488/779 
f 479/268/487 767/487/778 478/240/486 
f 478/240/486 767/487/778 764/239/775 
f 766/486/777 764/239/775 767/487/778 
f 765/485/776 764/239/775 766/486/777 
f 764/239/775 765/485/776 393/242/401 
f 391/489/399 769/490/780 394/491/402 
f 769/490/780 391/489/399 770/492/781 
f 393/493/401 770/492/781 391/489/399 
f 765/494/776 770/492/781 393/493/401 
f 410/493/418 770/492/781 765/494/776 
f 424/489/432 770/492/781 410/493/418 
f 770/492/781 424/489/432 769/490/780 
f 407/491/415 769/490/780 424/489/432 
f 729/239/740 392/242/400 728/241/739 
f 395/243/403 728/241/739 392/242/400 
f 397/244/405 728/241/739 395/243/403 
f 728/241/739 397/244/405 726/245/737 
f 399/266/407 726/245/737 397/244/405 
f 726/245/737 399/266/407 454/262/462 
f 386/233/394 771/495/782 772/496/783 
f 385/232/393 771/495/782 386/233/394 
f 484/224/492 771/495/782 385/232/393 
f 371/222/379 771/495/782 484/224/492 
f 370/221/378 771/495/782 371/222/379 
f 372/223/380 771/495/782 370/221/378 
f 373/224/381 771/495/782 372/223/380 
f 771/495/782 373/224/381 773/232/784 
f 375/226/383 773/232/784 373/224/381 
f 377/228/385 773/232/784 375/226/383 
f 774/233/785 773/232/784 377/228/385 
f 773/232/784 774/233/785 771/495/782 
f 771/495/782 774/233/785 772/496/783 
f 772/496/783 774/233/785 402/497/410 
f 377/228/385 402/497/410 774/233/785 
f 402/497/410 377/228/385 405/498/413 
f 378/229/386 405/498/413 377/228/385 
f 405/498/413 378/229/386 407/499/415 
f 380/231/388 407/499/415 378/229/386 
f 407/499/415 380/231/388 769/500/780 
f 769/500/780 380/231/388 394/499/402 
f 381/229/389 394/499/402 380/231/388 
f 394/499/402 381/229/389 396/498/404 
f 383/228/391 396/498/404 381/229/389 
f 396/498/404 383/228/391 398/497/406 
f 386/233/394 398/497/406 383/228/391 
f 772/496/783 398/497/406 386/233/394 
f 398/497/406 772/496/783 400/501/408 
f 402/497/410 400/501/408 772/496/783 
f 413/258/421 461/258/469 414/258/422 
f 471/258/479 414/258/422 461/258/469 
f 414/258/422 471/258/479 418/258/426 
f 418/258/426 471/258/479 419/258/427 
f 469/258/477 419/258/427 471/258/479 
f 419/258/427 469/258/477 420/258/428 
f 467/258/475 420/258/428 469/258/477 
f 459/258/467 420/258/428 467/258/475 
f 420/258/428 459/258/467 460/258/468 
f 452/260/460 775/502/786 453/261/461 
f 423/252/431 775/502/786 452/260/460 
f 420/250/428 775/502/786 423/252/431 
f 775/502/786 420/250/428 453/261/461 
f 460/503/468 453/261/461 420/250/428 
f 527/470/539 465/271/473 525/469/537 
f 464/270/472 525/469/537 465/271/473 
f 525/469/537 464/270/472 534/468/546 
f 468/275/476 534/468/546 464/270/472 
f 534/468/546 468/275/476 532/467/544 
f 470/277/478 532/467/544 468/275/476 
f 532/467/544 470/277/478 530/466/542 
f 477/285/485 530/466/542 470/277/478 
f 530/466/542 477/285/485 529/465/541 
f 476/284/484 529/465/541 477/285/485 
f 529/465/541 476/284/484 527/464/539 
f 527/464/539 476/284/484 465/463/473 
f 474/282/482 465/463/473 476/284/484 
f 465/463/473 474/282/482 463/462/471 
f 473/281/481 463/462/471 474/282/482 
f 463/462/471 473/281/481 466/461/474 
f 461/280/469 466/461/474 473/281/481 
f 466/461/474 461/280/469 459/460/467 
f 369/416/377 169/79/169 137/415/137 
f 169/79/169 369/416/377 168/80/168 
f 142/417/142 168/80/168 369/416/377 
f 168/80/168 142/417/142 690/81/702 
f 145/418/145 690/81/702 142/417/142 
f 690/81/702 145/418/145 181/82/181 
f 139/419/139 181/82/181 145/418/145 
f 181/82/181 139/419/139 182/83/182 
f 138/420/138 182/83/182 139/419/139 
f 137/421/137 182/83/182 138/420/138 
f 169/422/169 182/83/182 137/421/137 
f 170/423/170 182/83/182 169/422/169 
f 182/83/182 170/423/170 180/61/180 
f 171/424/171 180/61/180 170/423/170 
f 180/61/180 171/424/171 179/62/179 
f 172/425/172 179/62/179 171/424/171 
f 179/62/179 172/425/172 178/64/178 
f 178/64/178 172/425/172 177/65/177 
f 173/426/173 177/65/177 172/425/172 
f 365/210/373 122/110/122 776/380/787 
f 124/112/124 776/380/787 122/110/122 
f 126/114/126 776/380/787 124/112/124 
f 128/116/128 776/380/787 126/114/126 
f 130/118/130 776/380/787 128/116/128 
f 776/380/787 130/118/130 365/210/373 
f 132/120/132 365/210/373 130/118/130 
f 365/210/373 132/120/132 133/121/133 
f 777/165/788 778/165/789 263/165/263 
f 778/165/789 777/165/788 261/165/261 
f 261/165/261 777/165/788 265/165/265 
f 263/165/263 265/165/265 777/165/788 
f 118/106/118 116/104/116 779/504/790 
f 290/175/293 779/504/790 116/104/116 
f 779/504/790 290/175/293 780/505/791 
f 780/505/791 290/175/293 781/506/792 
f 289/174/292 781/506/792 290/175/293 
f 781/506/792 289/174/292 782/507/793 
f 286/172/289 782/507/793 289/174/292 
f 782/507/793 286/172/289 783/508/794 
f 784/509/795 783/508/794 286/172/289 
f 783/508/794 784/509/795 785/510/796 
f 786/511/797 785/510/796 784/509/795 
f 785/510/796 786/511/797 627/375/639 
f 627/375/639 786/511/797 620/368/632 
f 787/512/798 620/368/632 786/511/797 
f 620/368/632 787/512/798 618/365/630 
f 618/365/630 787/512/798 608/362/620 
f 608/362/620 787/512/798 605/513/617 
f 605/513/617 787/512/798 599/362/611 
f 599/362/611 787/512/798 602/365/614 
f 307/374/310 788/368/799 310/375/313 
f 309/107/312 788/368/799 307/374/310 
f 788/368/799 309/107/312 789/369/800 
f 789/369/800 309/107/312 790/105/801 
f 317/106/320 790/105/801 309/107/312 
f 790/105/801 317/106/320 791/104/802 
f 316/504/319 791/104/802 317/106/320 
f 791/104/802 316/504/319 792/175/803 
f 315/505/318 792/175/803 316/504/319 
f 314/506/317 792/175/803 315/505/318 
f 792/175/803 314/506/317 793/174/804 
f 313/507/316 793/174/804 314/506/317 
f 793/174/804 313/507/316 286/172/289 
f 312/508/315 286/172/289 313/507/316 
f 286/172/289 312/508/315 784/509/795 
f 311/510/314 784/509/795 312/508/315 
f 784/509/795 311/510/314 786/511/797 
f 310/375/313 786/511/797 311/510/314 
f 788/368/799 786/511/797 310/375/313 
f 786/511/797 788/368/799 787/512/798 
f 787/512/798 788/368/799 602/365/614 
f 602/365/614 788/368/799 603/366/615 
f 789/369/800 603/366/615 788/368/799 
f 603/366/615 789/369/800 683/370/695 
f 683/370/695 789/369/800 794/371/805 
f 790/105/801 794/371/805 789/369/800 
f 794/371/805 790/105/801 795/102/806 
f 791/104/802 795/102/806 790/105/801 
f 795/102/806 791/104/802 796/103/807 
f 792/175/803 796/103/807 791/104/802 
f 793/174/804 796/103/807 792/175/803 
f 796/103/807 793/174/804 797/171/808 
f 286/172/289 797/171/808 793/174/804 
f 288/168/291 797/171/808 286/172/289 
f 797/171/808 288/168/291 796/103/807 
f 798/166/809 796/103/807 288/168/291 
f 799/101/810 796/103/807 798/166/809 
f 796/103/807 799/101/810 795/102/806 
f 800/100/811 795/102/806 799/101/810 
f 795/102/806 800/100/811 794/371/805 
f 801/372/812 794/371/805 800/100/811 
f 794/371/805 801/372/812 683/370/695 
f 683/370/695 801/372/812 684/373/696 
f 684/373/696 801/372/812 347/98/355 
f 800/100/811 347/98/355 801/372/812 
f 347/98/355 800/100/811 348/99/356 
f 799/101/810 348/99/356 800/100/811 
f 348/99/356 799/101/810 644/108/656 
f 644/108/656 799/101/810 645/109/657 
f 798/166/809 645/109/657 799/101/810 
f 645/109/657 798/166/809 648/169/660 
f 648/169/660 798/166/809 649/167/661 
f 288/168/291 649/167/661 798/166/809 
f 325/165/330 802/165/813 326/165/331 
f 803/165/814 326/165/331 802/165/813 
f 326/165/331 803/165/814 327/165/333 
f 327/165/333 803/165/814 325/165/330 
f 325/165/330 803/165/814 804/165/815 
f 802/165/813 804/165/815 803/165/814 
f 804/165/815 802/165/813 325/165/330 
f 805/165/816 271/165/271 269/165/269 
f 271/165/271 805/165/816 806/165/817 
f 807/165/818 806/165/817 805/165/816 
f 806/165/817 807/165/818 271/165/271 
f 271/165/271 807/165/818 267/165/267 
f 267/165/267 807/165/818 269/165/269 
f 805/165/816 269/165/269 807/165/818 
f 808/178/301 809/176/819 810/177/820 
f 811/514/821 810/177/820 809/176/819 
f 812/180/822 810/177/820 811/514/821 
f 813/515/823 810/177/820 812/180/822 
f 814/182/824 810/177/820 813/515/823 
f 815/183/825 810/177/820 814/182/824 
f 816/184/826 810/177/820 815/183/825 
f 817/185/308 810/177/820 816/184/826 
f 818/186/827 810/177/820 817/185/308 
f 810/177/820 818/186/827 808/178/301 
f 819/188/828 782/193/793 783/192/794 
f 782/193/793 819/188/828 781/194/792 
f 781/194/792 819/188/828 780/195/791 
f 780/195/791 819/188/828 779/196/790 
f 779/196/790 819/188/828 118/197/118 
f 118/197/118 819/188/828 119/189/119 
f 119/189/119 819/188/828 626/187/638 
f 626/187/638 819/188/828 627/190/639 
f 627/190/639 819/188/828 785/191/796 
f 783/192/794 785/191/796 819/188/828 
f 174/71/174 820/73/829 173/74/173 
f 820/73/829 174/71/174 821/72/830 
f 821/72/830 174/71/174 822/70/831 
f 175/69/175 822/70/831 174/71/174 
f 822/70/831 175/69/175 823/68/832 
f 176/66/176 823/68/832 175/69/175 
f 823/68/832 176/66/176 824/67/833 
f 177/65/177 824/67/833 176/66/176 
f 173/426/173 824/67/833 177/65/177 
f 824/67/833 173/426/173 820/427/829 
f 820/429/829 825/428/834 826/428/835 
f 821/429/830 825/428/834 820/429/829 
f 825/428/834 821/429/830 827/428/836 
f 822/429/831 827/428/836 821/429/830 
f 827/428/836 822/429/831 828/428/837 
f 823/429/832 828/428/837 822/429/831 
f 828/428/837 823/429/832 829/428/838 
f 824/429/833 829/428/838 823/429/832 
f 820/429/829 829/428/838 824/429/833 
f 829/428/838 820/429/829 826/428/835 
f 830/457/839 831/451/840 832/458/841 
f 831/451/840 830/457/839 833/452/842 
f 834/456/843 833/452/842 830/457/839 
f 835/455/844 833/452/842 834/456/843 
f 836/454/845 833/452/842 835/455/844 
f 837/453/846 833/452/842 836/454/845 
f 838/23/847 833/452/842 837/453/846 
f 833/452/842 838/23/847 831/451/840 
f 834/441/843 839/440/848 835/442/844 
f 840/437/849 839/440/848 834/441/843 
f 839/440/848 840/437/849 841/439/850 
f 841/439/850 840/437/849 842/435/851 
f 836/436/845 842/435/851 840/437/849 
f 843/438/852 842/435/851 836/436/845 
f 842/435/851 843/438/852 841/439/850 
f 841/439/850 843/438/852 844/444/853 
f 836/436/845 844/444/853 843/438/852 
f 844/444/853 836/436/845 845/443/854 
f 835/442/844 845/443/854 836/436/845 
f 839/440/848 845/443/854 835/442/844 
f 841/439/850 845/443/854 839/440/848 
f 845/443/854 841/439/850 844/444/853 
f 840/16/849 837/15/846 836/17/845 
f 837/15/846 840/16/849 846/18/855 
f 837/41/846 847/22/856 838/42/847 
f 847/22/856 837/41/846 846/19/855 
f 848/4/857 849/43/858 850/1/859 
f 851/44/860 849/43/858 848/4/857 
f 847/45/856 849/43/858 851/44/860 
f 852/46/861 849/43/858 847/45/856 
f 853/28/862 849/43/858 852/46/861 
f 849/43/858 853/28/862 854/27/863 
f 855/26/864 854/27/863 853/28/862 
f 854/27/863 855/26/864 856/25/865 
f 857/24/866 856/25/865 855/26/864 
f 856/25/865 857/24/866 858/20/867 
f 838/23/847 858/20/867 857/24/866 
f 859/22/868 858/20/867 838/23/847 
f 860/19/869 858/20/867 859/22/868 
f 858/20/867 860/19/869 861/21/870 
f 862/17/871 850/18/859 861/15/870 
f 850/18/859 862/17/871 863/16/872 
f 864/2/873 850/1/859 863/3/872 
f 850/1/859 864/2/873 848/4/857 
f 865/15/874 866/16/875 867/18/876 
f 866/16/875 865/15/874 868/17/877 
f 849/42/858 867/19/876 858/22/867 
f 867/19/876 849/42/858 865/41/874 
f 861/41/870 849/22/858 858/42/867 
f 849/22/858 861/41/870 850/19/859 
f 869/49/878 868/450/877 865/48/874 
f 869/7/878 870/12/879 868/10/877 
f 871/11/880 868/10/877 870/12/879 
f 868/10/877 871/11/880 872/9/881 
f 872/9/881 871/11/880 873/5/882 
f 873/5/882 871/11/880 874/14/883 
f 870/12/879 874/14/883 871/11/880 
f 874/14/883 870/12/879 875/13/884 
f 875/13/884 870/12/879 869/7/878 
f 873/9/882 876/6/885 877/8/886 
f 876/6/885 873/9/882 878/5/887 
f 874/11/883 878/5/887 873/9/882 
f 878/5/887 874/11/883 879/14/888 
f 879/14/888 874/11/883 880/13/889 
f 875/12/884 880/13/889 874/11/883 
f 869/10/878 880/13/889 875/12/884 
f 881/7/890 880/13/889 869/10/878 
f 880/13/889 881/7/890 879/14/888 
f 879/14/888 881/7/890 878/5/887 
f 876/6/885 878/5/887 881/7/890 
f 881/50/890 869/49/878 882/47/891 
f 865/48/874 882/47/891 869/49/878 
f 849/43/858 882/47/891 865/48/874 
f 854/27/863 882/47/891 849/43/858 
f 882/47/891 854/27/863 883/52/892 
f 856/25/865 883/52/892 854/27/863 
f 858/20/867 883/52/892 856/25/865 
f 867/54/876 883/52/892 858/20/867 
f 877/53/886 883/52/892 867/54/876 
f 876/51/885 883/52/892 877/53/886 
f 883/52/892 876/51/885 882/47/891 
f 882/47/891 876/51/885 881/50/890 
f 866/8/875 873/5/882 877/6/886 
f 873/5/882 866/8/875 872/9/881 
f 868/10/877 872/9/881 866/8/875 
f 866/449/875 877/53/886 867/54/876 
f 862/6/871 884/5/893 863/7/872 
f 885/8/894 884/5/893 862/6/871 
f 884/5/893 885/8/894 886/9/895 
f 864/10/873 886/9/895 885/8/894 
f 886/9/895 864/10/873 887/11/896 
f 887/11/896 864/10/873 888/12/897 
f 863/7/872 888/12/897 864/10/873 
f 889/13/898 888/12/897 863/7/872 
f 888/12/897 889/13/898 887/11/896 
f 890/14/899 887/11/896 889/13/898 
f 887/11/896 890/14/899 886/9/895 
f 886/9/895 890/14/899 884/5/893 
f 884/5/893 890/14/899 863/7/872 
f 889/13/898 863/7/872 890/14/899 
f 862/448/871 861/21/870 885/447/894 
f 860/19/869 885/447/894 861/21/870 
f 885/447/894 860/19/869 864/446/873 
f 864/446/873 860/19/869 848/41/857 
f 848/41/857 860/19/869 851/42/860 
f 859/22/868 851/42/860 860/19/869 
f 838/23/847 851/42/860 859/22/868 
f 851/42/860 838/23/847 847/445/856 
f 830/431/839 840/433/849 834/434/843 
f 840/433/849 830/431/839 846/432/855 
f 846/432/855 830/431/839 847/45/856 
f 832/430/841 847/45/856 830/431/839 
f 891/31/900 847/45/856 832/430/841 
f 847/45/856 891/31/900 852/46/861 
f 892/30/901 852/46/861 891/31/900 
f 852/46/861 892/30/901 853/28/862 
f 893/29/902 853/28/862 892/30/901 
f 853/28/862 893/29/902 855/26/864 
f 894/36/903 855/26/864 893/29/902 
f 855/26/864 894/36/903 857/24/866 
f 857/24/866 894/36/903 838/23/847 
f 895/37/904 838/23/847 894/36/903 
f 838/23/847 895/37/904 831/451/840 
f 831/451/840 895/37/904 832/458/841 
f 891/39/900 832/458/841 895/37/904 
f 826/40/835 891/39/900 829/38/838 
f 895/37/904 829/38/838 891/39/900 
f 829/38/838 895/37/904 828/35/837 
f 894/36/903 828/35/837 895/37/904 
f 893/29/902 828/35/837 894/36/903 
f 828/35/837 893/29/902 827/34/836 
f 892/30/901 827/34/836 893/29/902 
f 827/34/836 892/30/901 825/32/834 
f 891/31/900 825/32/834 892/30/901 
f 825/32/834 891/31/900 826/33/835 
# 0 polygons - 1702 triangles

